

Microchip MPLAB XC8 Assembler V3.10 build 20250813170317 
                                                                                               Wed Jan 21 11:04:15 2026

Microchip MPLAB XC8 C Compiler v3.10 (Free license) build 20250813170317 Og1 
     1                           	processor	16F877A
     2                           	pagewidth 120
     3                           	opt	flic
     4                           	psect	idataCOMMON,global,class=CODE,space=0,delta=2,noexec
     5                           	psect	idataBANK0,global,class=CODE,space=0,delta=2,noexec
     6                           	psect	strings,global,class=STRING,space=0,delta=2,noexec
     7                           	psect	cinit,global,class=CODE,space=0,merge=1,delta=2
     8                           	psect	bssCOMMON,global,class=COMMON,space=1,delta=1,noexec
     9                           	psect	dataCOMMON,global,class=COMMON,space=1,delta=1,noexec
    10                           	psect	bssBANK0,global,class=BANK0,space=1,delta=1,noexec
    11                           	psect	dataBANK0,global,class=BANK0,space=1,delta=1,noexec
    12                           	psect	cstackCOMMON,global,class=COMMON,space=1,delta=1,noexec
    13                           	psect	cstackBANK0,global,class=BANK0,space=1,delta=1,noexec
    14                           	psect	maintext,global,class=CODE,space=0,split=1,delta=2
    15                           	psect	text1,local,class=CODE,space=0,merge=1,delta=2
    16                           	psect	text2,local,class=CODE,space=0,merge=1,delta=2,group=1
    17                           	psect	text3,local,class=CODE,space=0,merge=1,delta=2
    18                           	psect	text4,local,class=CODE,space=0,merge=1,delta=2,group=1
    19                           	psect	text5,local,class=CODE,space=0,merge=1,delta=2,group=1
    20                           	psect	text6,local,class=CODE,space=0,merge=1,delta=2,group=1
    21                           	psect	text7,local,class=CODE,space=0,merge=1,delta=2
    22                           	psect	text8,local,class=CODE,space=0,merge=1,delta=2
    23                           	psect	text9,local,class=CODE,space=0,merge=1,delta=2
    24                           	psect	text10,local,class=CODE,space=0,merge=1,delta=2
    25                           	psect	text11,local,class=CODE,space=0,merge=1,delta=2
    26                           	psect	text12,local,class=CODE,space=0,merge=1,delta=2
    27                           	psect	text13,local,class=CODE,space=0,merge=1,delta=2
    28                           	psect	text14,local,class=CODE,space=0,merge=1,delta=2
    29                           	psect	text15,local,class=CODE,space=0,merge=1,delta=2
    30                           	psect	text16,local,class=CODE,space=0,merge=1,delta=2
    31                           	psect	text17,local,class=CODE,space=0,merge=1,delta=2,group=1
    32                           	psect	text18,local,class=CODE,space=0,merge=1,delta=2,group=1
    33                           	psect	text19,local,class=CODE,space=0,merge=1,delta=2
    34                           	psect	text20,local,class=CODE,space=0,merge=1,delta=2
    35                           	psect	text21,local,class=CODE,space=0,merge=1,delta=2
    36                           	psect	text22,local,class=CODE,space=0,merge=1,delta=2
    37                           	psect	text23,local,class=CODE,space=0,merge=1,delta=2
    38                           	psect	text24,local,class=CODE,space=0,merge=1,delta=2
    39                           	psect	intentry,global,class=CODE,space=0,delta=2
    40                           	psect	config,global,abs,ovrld,class=CONFIG,space=4,delta=2,noexec
    41                           	dabs	1,0x7E,2
    42     0000                     
    43                           ; Version 2.20
    44                           ; Generated 12/02/2020 GMT
    45                           ; 
    46                           ; Copyright © 2020, Microchip Technology Inc. and its subsidiaries ("Microchip")
    47                           ; All rights reserved.
    48                           ; 
    49                           ; This software is developed by Microchip Technology Inc. and its subsidiaries ("Microch
      +                          ip").
    50                           ; 
    51                           ; Redistribution and use in source and binary forms, with or without modification, are
    52                           ; permitted provided that the following conditions are met:
    53                           ; 
    54                           ;     1. Redistributions of source code must retain the above copyright notice, this lis
      +                          t of
    55                           ;        conditions and the following disclaimer.
    56                           ; 
    57                           ;     2. Redistributions in binary form must reproduce the above copyright notice, this 
      +                          list
    58                           ;        of conditions and the following disclaimer in the documentation and/or other
    59                           ;        materials provided with the distribution.
    60                           ; 
    61                           ;     3. Microchip's name may not be used to endorse or promote products derived from th
      +                          is
    62                           ;        software without specific prior written permission.
    63                           ; 
    64                           ; THIS SOFTWARE IS PROVIDED BY MICROCHIP "AS IS" AND ANY EXPRESS OR IMPLIED WARRANTIES,
    65                           ; INCLUDING, BUT NOT LIMITED TO, THE IMPLIED WARRANTIES OF MERCHANTABILITY AND FITNESS F
      +                          OR
    66                           ; PURPOSE ARE DISCLAIMED.  IN NO EVENT SHALL MICROCHIP BE LIABLE FOR ANY DIRECT, INDIREC
      +                          T,
    67                           ; INCIDENTAL, SPECIAL, EXEMPLARY, OR CONSEQUENTIAL DAMAGES (INCLUDING BUT NOT LIMITED TO
    68                           ; PROCUREMENT OF SUBSTITUTE GOODS OR SERVICES; LOSS OF USE, DATA OR PROFITS; OR BUSINESS
    69                           ; INTERRUPTION) HOWSOEVER CAUSED AND ON ANY THEORY OF LIABILITY, WHETHER IN CONTRACT, ST
      +                          RICT
    70                           ; LIABILITY, OR TORT (INCLUDING NEGLIGENCE OR OTHERWISE) ARISING IN ANY WAY OUT OF THE U
      +                          SE OF
    71                           ; THIS SOFTWARE, EVEN IF ADVISED OF THE POSSIBILITY OF SUCH DAMAGE.
    72                           ; 
    73                           ; 
    74                           ; Code-generator required, PIC16F877A Definitions
    75                           ; 
    76                           ; SFR Addresses
    77     0004                     fsr             equ	4
    78     0004                     fsr0            equ	4
    79     0000                     indf            equ	0
    80     0000                     indf0           equ	0
    81     0002                     pc              equ	2
    82     0002                     pcl             equ	2
    83     000A                     pclath          equ	10
    84     0003                     status          equ	3
    85     0000                     INDF            equ	0	;# 
    86     0001                     TMR0            equ	1	;# 
    87     0002                     PCL             equ	2	;# 
    88     0003                     STATUS          equ	3	;# 
    89     0004                     FSR             equ	4	;# 
    90     0005                     PORTA           equ	5	;# 
    91     0006                     PORTB           equ	6	;# 
    92     0007                     PORTC           equ	7	;# 
    93     0008                     PORTD           equ	8	;# 
    94     0009                     PORTE           equ	9	;# 
    95     000A                     PCLATH          equ	10	;# 
    96     000B                     INTCON          equ	11	;# 
    97     000C                     PIR1            equ	12	;# 
    98     000D                     PIR2            equ	13	;# 
    99     000E                     TMR1            equ	14	;# 
   100     000E                     TMR1L           equ	14	;# 
   101     000F                     TMR1H           equ	15	;# 
   102     0010                     T1CON           equ	16	;# 
   103     0011                     TMR2            equ	17	;# 
   104     0012                     T2CON           equ	18	;# 
   105     0013                     SSPBUF          equ	19	;# 
   106     0014                     SSPCON          equ	20	;# 
   107     0015                     CCPR1           equ	21	;# 
   108     0015                     CCPR1L          equ	21	;# 
   109     0016                     CCPR1H          equ	22	;# 
   110     0017                     CCP1CON         equ	23	;# 
   111     0018                     RCSTA           equ	24	;# 
   112     0019                     TXREG           equ	25	;# 
   113     001A                     RCREG           equ	26	;# 
   114     001B                     CCPR2           equ	27	;# 
   115     001B                     CCPR2L          equ	27	;# 
   116     001C                     CCPR2H          equ	28	;# 
   117     001D                     CCP2CON         equ	29	;# 
   118     001E                     ADRESH          equ	30	;# 
   119     001F                     ADCON0          equ	31	;# 
   120     0081                     OPTION_REG      equ	129	;# 
   121     0085                     TRISA           equ	133	;# 
   122     0086                     TRISB           equ	134	;# 
   123     0087                     TRISC           equ	135	;# 
   124     0088                     TRISD           equ	136	;# 
   125     0089                     TRISE           equ	137	;# 
   126     008C                     PIE1            equ	140	;# 
   127     008D                     PIE2            equ	141	;# 
   128     008E                     PCON            equ	142	;# 
   129     0091                     SSPCON2         equ	145	;# 
   130     0092                     PR2             equ	146	;# 
   131     0093                     SSPADD          equ	147	;# 
   132     0094                     SSPSTAT         equ	148	;# 
   133     0098                     TXSTA           equ	152	;# 
   134     0099                     SPBRG           equ	153	;# 
   135     009C                     CMCON           equ	156	;# 
   136     009D                     CVRCON          equ	157	;# 
   137     009E                     ADRESL          equ	158	;# 
   138     009F                     ADCON1          equ	159	;# 
   139     010C                     EEDATA          equ	268	;# 
   140     010D                     EEADR           equ	269	;# 
   141     010E                     EEDATH          equ	270	;# 
   142     010F                     EEADRH          equ	271	;# 
   143     018C                     EECON1          equ	396	;# 
   144     018D                     EECON2          equ	397	;# 
   145     0000                     INDF            equ	0	;# 
   146     0001                     TMR0            equ	1	;# 
   147     0002                     PCL             equ	2	;# 
   148     0003                     STATUS          equ	3	;# 
   149     0004                     FSR             equ	4	;# 
   150     0005                     PORTA           equ	5	;# 
   151     0006                     PORTB           equ	6	;# 
   152     0007                     PORTC           equ	7	;# 
   153     0008                     PORTD           equ	8	;# 
   154     0009                     PORTE           equ	9	;# 
   155     000A                     PCLATH          equ	10	;# 
   156     000B                     INTCON          equ	11	;# 
   157     000C                     PIR1            equ	12	;# 
   158     000D                     PIR2            equ	13	;# 
   159     000E                     TMR1            equ	14	;# 
   160     000E                     TMR1L           equ	14	;# 
   161     000F                     TMR1H           equ	15	;# 
   162     0010                     T1CON           equ	16	;# 
   163     0011                     TMR2            equ	17	;# 
   164     0012                     T2CON           equ	18	;# 
   165     0013                     SSPBUF          equ	19	;# 
   166     0014                     SSPCON          equ	20	;# 
   167     0015                     CCPR1           equ	21	;# 
   168     0015                     CCPR1L          equ	21	;# 
   169     0016                     CCPR1H          equ	22	;# 
   170     0017                     CCP1CON         equ	23	;# 
   171     0018                     RCSTA           equ	24	;# 
   172     0019                     TXREG           equ	25	;# 
   173     001A                     RCREG           equ	26	;# 
   174     001B                     CCPR2           equ	27	;# 
   175     001B                     CCPR2L          equ	27	;# 
   176     001C                     CCPR2H          equ	28	;# 
   177     001D                     CCP2CON         equ	29	;# 
   178     001E                     ADRESH          equ	30	;# 
   179     001F                     ADCON0          equ	31	;# 
   180     0081                     OPTION_REG      equ	129	;# 
   181     0085                     TRISA           equ	133	;# 
   182     0086                     TRISB           equ	134	;# 
   183     0087                     TRISC           equ	135	;# 
   184     0088                     TRISD           equ	136	;# 
   185     0089                     TRISE           equ	137	;# 
   186     008C                     PIE1            equ	140	;# 
   187     008D                     PIE2            equ	141	;# 
   188     008E                     PCON            equ	142	;# 
   189     0091                     SSPCON2         equ	145	;# 
   190     0092                     PR2             equ	146	;# 
   191     0093                     SSPADD          equ	147	;# 
   192     0094                     SSPSTAT         equ	148	;# 
   193     0098                     TXSTA           equ	152	;# 
   194     0099                     SPBRG           equ	153	;# 
   195     009C                     CMCON           equ	156	;# 
   196     009D                     CVRCON          equ	157	;# 
   197     009E                     ADRESL          equ	158	;# 
   198     009F                     ADCON1          equ	159	;# 
   199     010C                     EEDATA          equ	268	;# 
   200     010D                     EEADR           equ	269	;# 
   201     010E                     EEDATH          equ	270	;# 
   202     010F                     EEADRH          equ	271	;# 
   203     018C                     EECON1          equ	396	;# 
   204     018D                     EECON2          equ	397	;# 
   205     0000                     INDF            equ	0	;# 
   206     0001                     TMR0            equ	1	;# 
   207     0002                     PCL             equ	2	;# 
   208     0003                     STATUS          equ	3	;# 
   209     0004                     FSR             equ	4	;# 
   210     0005                     PORTA           equ	5	;# 
   211     0006                     PORTB           equ	6	;# 
   212     0007                     PORTC           equ	7	;# 
   213     0008                     PORTD           equ	8	;# 
   214     0009                     PORTE           equ	9	;# 
   215     000A                     PCLATH          equ	10	;# 
   216     000B                     INTCON          equ	11	;# 
   217     000C                     PIR1            equ	12	;# 
   218     000D                     PIR2            equ	13	;# 
   219     000E                     TMR1            equ	14	;# 
   220     000E                     TMR1L           equ	14	;# 
   221     000F                     TMR1H           equ	15	;# 
   222     0010                     T1CON           equ	16	;# 
   223     0011                     TMR2            equ	17	;# 
   224     0012                     T2CON           equ	18	;# 
   225     0013                     SSPBUF          equ	19	;# 
   226     0014                     SSPCON          equ	20	;# 
   227     0015                     CCPR1           equ	21	;# 
   228     0015                     CCPR1L          equ	21	;# 
   229     0016                     CCPR1H          equ	22	;# 
   230     0017                     CCP1CON         equ	23	;# 
   231     0018                     RCSTA           equ	24	;# 
   232     0019                     TXREG           equ	25	;# 
   233     001A                     RCREG           equ	26	;# 
   234     001B                     CCPR2           equ	27	;# 
   235     001B                     CCPR2L          equ	27	;# 
   236     001C                     CCPR2H          equ	28	;# 
   237     001D                     CCP2CON         equ	29	;# 
   238     001E                     ADRESH          equ	30	;# 
   239     001F                     ADCON0          equ	31	;# 
   240     0081                     OPTION_REG      equ	129	;# 
   241     0085                     TRISA           equ	133	;# 
   242     0086                     TRISB           equ	134	;# 
   243     0087                     TRISC           equ	135	;# 
   244     0088                     TRISD           equ	136	;# 
   245     0089                     TRISE           equ	137	;# 
   246     008C                     PIE1            equ	140	;# 
   247     008D                     PIE2            equ	141	;# 
   248     008E                     PCON            equ	142	;# 
   249     0091                     SSPCON2         equ	145	;# 
   250     0092                     PR2             equ	146	;# 
   251     0093                     SSPADD          equ	147	;# 
   252     0094                     SSPSTAT         equ	148	;# 
   253     0098                     TXSTA           equ	152	;# 
   254     0099                     SPBRG           equ	153	;# 
   255     009C                     CMCON           equ	156	;# 
   256     009D                     CVRCON          equ	157	;# 
   257     009E                     ADRESL          equ	158	;# 
   258     009F                     ADCON1          equ	159	;# 
   259     010C                     EEDATA          equ	268	;# 
   260     010D                     EEADR           equ	269	;# 
   261     010E                     EEDATH          equ	270	;# 
   262     010F                     EEADRH          equ	271	;# 
   263     018C                     EECON1          equ	396	;# 
   264     018D                     EECON2          equ	397	;# 
   265     0000                     INDF            equ	0	;# 
   266     0001                     TMR0            equ	1	;# 
   267     0002                     PCL             equ	2	;# 
   268     0003                     STATUS          equ	3	;# 
   269     0004                     FSR             equ	4	;# 
   270     0005                     PORTA           equ	5	;# 
   271     0006                     PORTB           equ	6	;# 
   272     0007                     PORTC           equ	7	;# 
   273     0008                     PORTD           equ	8	;# 
   274     0009                     PORTE           equ	9	;# 
   275     000A                     PCLATH          equ	10	;# 
   276     000B                     INTCON          equ	11	;# 
   277     000C                     PIR1            equ	12	;# 
   278     000D                     PIR2            equ	13	;# 
   279     000E                     TMR1            equ	14	;# 
   280     000E                     TMR1L           equ	14	;# 
   281     000F                     TMR1H           equ	15	;# 
   282     0010                     T1CON           equ	16	;# 
   283     0011                     TMR2            equ	17	;# 
   284     0012                     T2CON           equ	18	;# 
   285     0013                     SSPBUF          equ	19	;# 
   286     0014                     SSPCON          equ	20	;# 
   287     0015                     CCPR1           equ	21	;# 
   288     0015                     CCPR1L          equ	21	;# 
   289     0016                     CCPR1H          equ	22	;# 
   290     0017                     CCP1CON         equ	23	;# 
   291     0018                     RCSTA           equ	24	;# 
   292     0019                     TXREG           equ	25	;# 
   293     001A                     RCREG           equ	26	;# 
   294     001B                     CCPR2           equ	27	;# 
   295     001B                     CCPR2L          equ	27	;# 
   296     001C                     CCPR2H          equ	28	;# 
   297     001D                     CCP2CON         equ	29	;# 
   298     001E                     ADRESH          equ	30	;# 
   299     001F                     ADCON0          equ	31	;# 
   300     0081                     OPTION_REG      equ	129	;# 
   301     0085                     TRISA           equ	133	;# 
   302     0086                     TRISB           equ	134	;# 
   303     0087                     TRISC           equ	135	;# 
   304     0088                     TRISD           equ	136	;# 
   305     0089                     TRISE           equ	137	;# 
   306     008C                     PIE1            equ	140	;# 
   307     008D                     PIE2            equ	141	;# 
   308     008E                     PCON            equ	142	;# 
   309     0091                     SSPCON2         equ	145	;# 
   310     0092                     PR2             equ	146	;# 
   311     0093                     SSPADD          equ	147	;# 
   312     0094                     SSPSTAT         equ	148	;# 
   313     0098                     TXSTA           equ	152	;# 
   314     0099                     SPBRG           equ	153	;# 
   315     009C                     CMCON           equ	156	;# 
   316     009D                     CVRCON          equ	157	;# 
   317     009E                     ADRESL          equ	158	;# 
   318     009F                     ADCON1          equ	159	;# 
   319     010C                     EEDATA          equ	268	;# 
   320     010D                     EEADR           equ	269	;# 
   321     010E                     EEDATH          equ	270	;# 
   322     010F                     EEADRH          equ	271	;# 
   323     018C                     EECON1          equ	396	;# 
   324     018D                     EECON2          equ	397	;# 
   325     0000                     INDF            equ	0	;# 
   326     0001                     TMR0            equ	1	;# 
   327     0002                     PCL             equ	2	;# 
   328     0003                     STATUS          equ	3	;# 
   329     0004                     FSR             equ	4	;# 
   330     0005                     PORTA           equ	5	;# 
   331     0006                     PORTB           equ	6	;# 
   332     0007                     PORTC           equ	7	;# 
   333     0008                     PORTD           equ	8	;# 
   334     0009                     PORTE           equ	9	;# 
   335     000A                     PCLATH          equ	10	;# 
   336     000B                     INTCON          equ	11	;# 
   337     000C                     PIR1            equ	12	;# 
   338     000D                     PIR2            equ	13	;# 
   339     000E                     TMR1            equ	14	;# 
   340     000E                     TMR1L           equ	14	;# 
   341     000F                     TMR1H           equ	15	;# 
   342     0010                     T1CON           equ	16	;# 
   343     0011                     TMR2            equ	17	;# 
   344     0012                     T2CON           equ	18	;# 
   345     0013                     SSPBUF          equ	19	;# 
   346     0014                     SSPCON          equ	20	;# 
   347     0015                     CCPR1           equ	21	;# 
   348     0015                     CCPR1L          equ	21	;# 
   349     0016                     CCPR1H          equ	22	;# 
   350     0017                     CCP1CON         equ	23	;# 
   351     0018                     RCSTA           equ	24	;# 
   352     0019                     TXREG           equ	25	;# 
   353     001A                     RCREG           equ	26	;# 
   354     001B                     CCPR2           equ	27	;# 
   355     001B                     CCPR2L          equ	27	;# 
   356     001C                     CCPR2H          equ	28	;# 
   357     001D                     CCP2CON         equ	29	;# 
   358     001E                     ADRESH          equ	30	;# 
   359     001F                     ADCON0          equ	31	;# 
   360     0081                     OPTION_REG      equ	129	;# 
   361     0085                     TRISA           equ	133	;# 
   362     0086                     TRISB           equ	134	;# 
   363     0087                     TRISC           equ	135	;# 
   364     0088                     TRISD           equ	136	;# 
   365     0089                     TRISE           equ	137	;# 
   366     008C                     PIE1            equ	140	;# 
   367     008D                     PIE2            equ	141	;# 
   368     008E                     PCON            equ	142	;# 
   369     0091                     SSPCON2         equ	145	;# 
   370     0092                     PR2             equ	146	;# 
   371     0093                     SSPADD          equ	147	;# 
   372     0094                     SSPSTAT         equ	148	;# 
   373     0098                     TXSTA           equ	152	;# 
   374     0099                     SPBRG           equ	153	;# 
   375     009C                     CMCON           equ	156	;# 
   376     009D                     CVRCON          equ	157	;# 
   377     009E                     ADRESL          equ	158	;# 
   378     009F                     ADCON1          equ	159	;# 
   379     010C                     EEDATA          equ	268	;# 
   380     010D                     EEADR           equ	269	;# 
   381     010E                     EEDATH          equ	270	;# 
   382     010F                     EEADRH          equ	271	;# 
   383     018C                     EECON1          equ	396	;# 
   384     018D                     EECON2          equ	397	;# 
   385     0000                     INDF            equ	0	;# 
   386     0001                     TMR0            equ	1	;# 
   387     0002                     PCL             equ	2	;# 
   388     0003                     STATUS          equ	3	;# 
   389     0004                     FSR             equ	4	;# 
   390     0005                     PORTA           equ	5	;# 
   391     0006                     PORTB           equ	6	;# 
   392     0007                     PORTC           equ	7	;# 
   393     0008                     PORTD           equ	8	;# 
   394     0009                     PORTE           equ	9	;# 
   395     000A                     PCLATH          equ	10	;# 
   396     000B                     INTCON          equ	11	;# 
   397     000C                     PIR1            equ	12	;# 
   398     000D                     PIR2            equ	13	;# 
   399     000E                     TMR1            equ	14	;# 
   400     000E                     TMR1L           equ	14	;# 
   401     000F                     TMR1H           equ	15	;# 
   402     0010                     T1CON           equ	16	;# 
   403     0011                     TMR2            equ	17	;# 
   404     0012                     T2CON           equ	18	;# 
   405     0013                     SSPBUF          equ	19	;# 
   406     0014                     SSPCON          equ	20	;# 
   407     0015                     CCPR1           equ	21	;# 
   408     0015                     CCPR1L          equ	21	;# 
   409     0016                     CCPR1H          equ	22	;# 
   410     0017                     CCP1CON         equ	23	;# 
   411     0018                     RCSTA           equ	24	;# 
   412     0019                     TXREG           equ	25	;# 
   413     001A                     RCREG           equ	26	;# 
   414     001B                     CCPR2           equ	27	;# 
   415     001B                     CCPR2L          equ	27	;# 
   416     001C                     CCPR2H          equ	28	;# 
   417     001D                     CCP2CON         equ	29	;# 
   418     001E                     ADRESH          equ	30	;# 
   419     001F                     ADCON0          equ	31	;# 
   420     0081                     OPTION_REG      equ	129	;# 
   421     0085                     TRISA           equ	133	;# 
   422     0086                     TRISB           equ	134	;# 
   423     0087                     TRISC           equ	135	;# 
   424     0088                     TRISD           equ	136	;# 
   425     0089                     TRISE           equ	137	;# 
   426     008C                     PIE1            equ	140	;# 
   427     008D                     PIE2            equ	141	;# 
   428     008E                     PCON            equ	142	;# 
   429     0091                     SSPCON2         equ	145	;# 
   430     0092                     PR2             equ	146	;# 
   431     0093                     SSPADD          equ	147	;# 
   432     0094                     SSPSTAT         equ	148	;# 
   433     0098                     TXSTA           equ	152	;# 
   434     0099                     SPBRG           equ	153	;# 
   435     009C                     CMCON           equ	156	;# 
   436     009D                     CVRCON          equ	157	;# 
   437     009E                     ADRESL          equ	158	;# 
   438     009F                     ADCON1          equ	159	;# 
   439     010C                     EEDATA          equ	268	;# 
   440     010D                     EEADR           equ	269	;# 
   441     010E                     EEDATH          equ	270	;# 
   442     010F                     EEADRH          equ	271	;# 
   443     018C                     EECON1          equ	396	;# 
   444     018D                     EECON2          equ	397	;# 
   445     0000                     INDF            equ	0	;# 
   446     0001                     TMR0            equ	1	;# 
   447     0002                     PCL             equ	2	;# 
   448     0003                     STATUS          equ	3	;# 
   449     0004                     FSR             equ	4	;# 
   450     0005                     PORTA           equ	5	;# 
   451     0006                     PORTB           equ	6	;# 
   452     0007                     PORTC           equ	7	;# 
   453     0008                     PORTD           equ	8	;# 
   454     0009                     PORTE           equ	9	;# 
   455     000A                     PCLATH          equ	10	;# 
   456     000B                     INTCON          equ	11	;# 
   457     000C                     PIR1            equ	12	;# 
   458     000D                     PIR2            equ	13	;# 
   459     000E                     TMR1            equ	14	;# 
   460     000E                     TMR1L           equ	14	;# 
   461     000F                     TMR1H           equ	15	;# 
   462     0010                     T1CON           equ	16	;# 
   463     0011                     TMR2            equ	17	;# 
   464     0012                     T2CON           equ	18	;# 
   465     0013                     SSPBUF          equ	19	;# 
   466     0014                     SSPCON          equ	20	;# 
   467     0015                     CCPR1           equ	21	;# 
   468     0015                     CCPR1L          equ	21	;# 
   469     0016                     CCPR1H          equ	22	;# 
   470     0017                     CCP1CON         equ	23	;# 
   471     0018                     RCSTA           equ	24	;# 
   472     0019                     TXREG           equ	25	;# 
   473     001A                     RCREG           equ	26	;# 
   474     001B                     CCPR2           equ	27	;# 
   475     001B                     CCPR2L          equ	27	;# 
   476     001C                     CCPR2H          equ	28	;# 
   477     001D                     CCP2CON         equ	29	;# 
   478     001E                     ADRESH          equ	30	;# 
   479     001F                     ADCON0          equ	31	;# 
   480     0081                     OPTION_REG      equ	129	;# 
   481     0085                     TRISA           equ	133	;# 
   482     0086                     TRISB           equ	134	;# 
   483     0087                     TRISC           equ	135	;# 
   484     0088                     TRISD           equ	136	;# 
   485     0089                     TRISE           equ	137	;# 
   486     008C                     PIE1            equ	140	;# 
   487     008D                     PIE2            equ	141	;# 
   488     008E                     PCON            equ	142	;# 
   489     0091                     SSPCON2         equ	145	;# 
   490     0092                     PR2             equ	146	;# 
   491     0093                     SSPADD          equ	147	;# 
   492     0094                     SSPSTAT         equ	148	;# 
   493     0098                     TXSTA           equ	152	;# 
   494     0099                     SPBRG           equ	153	;# 
   495     009C                     CMCON           equ	156	;# 
   496     009D                     CVRCON          equ	157	;# 
   497     009E                     ADRESL          equ	158	;# 
   498     009F                     ADCON1          equ	159	;# 
   499     010C                     EEDATA          equ	268	;# 
   500     010D                     EEADR           equ	269	;# 
   501     010E                     EEDATH          equ	270	;# 
   502     010F                     EEADRH          equ	271	;# 
   503     018C                     EECON1          equ	396	;# 
   504     018D                     EECON2          equ	397	;# 
   505                           
   506                           	psect	idataCOMMON
   507     04FE                     __pidataCOMMON:
   508                           
   509                           ;initializer for read_matrix_keypad@once
   510     04FE  3401               	retlw	1
   511                           
   512                           	psect	idataBANK0
   513     04FF                     __pidataBANK0:
   514                           
   515                           ;initializer for _screen_flag
   516     04FF  3410               	retlw	16
   517     0008                     _PORTD          set	8
   518     0061                     _TMR2IF         set	97
   519     0091                     _T2CKPS1        set	145
   520     0090                     _T2CKPS0        set	144
   521     0032                     _RB2            set	50
   522     0031                     _RB1            set	49
   523     0030                     _RB0            set	48
   524     0040                     _RD0            set	64
   525     0041                     _RD1            set	65
   526     0042                     _RD2            set	66
   527     0043                     _RD3            set	67
   528     003A                     _RC2            set	58
   529     0092                     _TMR2ON         set	146
   530     005F                     _GIE            set	95
   531     005E                     _PEIE           set	94
   532     0049                     _RE1            set	73
   533     004A                     _RE2            set	74
   534     0092                     _PR2            set	146
   535     0086                     _TRISB          set	134
   536     0088                     _TRISD          set	136
   537     0461                     _TMR2IE         set	1121
   538     040F                     _nRBPU          set	1039
   539     043A                     _TRISC2         set	1082
   540     0449                     _TRISE1         set	1097
   541     044A                     _TRISE2         set	1098
   542                           
   543                           	psect	strings
   544     0500                     __pstrings:
   545     0500                     stringtab:
   546     0500                     __stringtab:
   547     0500                     stringcode:	
   548                           ;	String table - string pointers are 1 byte each
   549                           
   550     0500                     stringdir:
   551     0500  3005               	movlw	high stringdir
   552     0501  008A               	movwf	10
   553     0502  0804               	movf	4,w
   554     0503  0A84               	incf	4,f
   555     0504  0782               	addwf	2,f
   556     0505                     __stringbase:
   557     0505  3400               	retlw	0
   558     0506                     __end_of__stringtab:
   559     0506                     STR_8:
   560     0506  3453               	retlw	83	;'S'
   561     0507  3445               	retlw	69	;'E'
   562     0508  3454               	retlw	84	;'T'
   563     0509  3420               	retlw	32	;' '
   564     050A  3454               	retlw	84	;'T'
   565     050B  3449               	retlw	73	;'I'
   566     050C  344D               	retlw	77	;'M'
   567     050D  3445               	retlw	69	;'E'
   568     050E  3420               	retlw	32	;' '
   569     050F  3428               	retlw	40	;'('
   570     0510  344D               	retlw	77	;'M'
   571     0511  344D               	retlw	77	;'M'
   572     0512  343A               	retlw	58	;':'
   573     0513  3453               	retlw	83	;'S'
   574     0514  3453               	retlw	83	;'S'
   575     0515  3429               	retlw	41	;')'
   576     0516  3400               	retlw	0
   577     0517                     STR_10:
   578     0517  342A               	retlw	42	;'*'
   579     0518  343A               	retlw	58	;':'
   580     0519  3443               	retlw	67	;'C'
   581     051A  344C               	retlw	76	;'L'
   582     051B  3445               	retlw	69	;'E'
   583     051C  3441               	retlw	65	;'A'
   584     051D  3452               	retlw	82	;'R'
   585     051E  3420               	retlw	32	;' '
   586     051F  3420               	retlw	32	;' '
   587     0520  3423               	retlw	35	;'#'
   588     0521  343A               	retlw	58	;':'
   589     0522  3445               	retlw	69	;'E'
   590     0523  344E               	retlw	78	;'N'
   591     0524  3454               	retlw	84	;'T'
   592     0525  3445               	retlw	69	;'E'
   593     0526  3452               	retlw	82	;'R'
   594     0527  3400               	retlw	0
   595     0528                     STR_16:
   596     0528  3445               	retlw	69	;'E'
   597     0529  344E               	retlw	78	;'N'
   598     052A  344A               	retlw	74	;'J'
   599     052B  344F               	retlw	79	;'O'
   600     052C  3459               	retlw	89	;'Y'
   601     052D  3420               	retlw	32	;' '
   602     052E  3459               	retlw	89	;'Y'
   603     052F  344F               	retlw	79	;'O'
   604     0530  3455               	retlw	85	;'U'
   605     0531  3452               	retlw	82	;'R'
   606     0532  3420               	retlw	32	;' '
   607     0533  344D               	retlw	77	;'M'
   608     0534  3445               	retlw	69	;'E'
   609     0535  3441               	retlw	65	;'A'
   610     0536  344C               	retlw	76	;'L'
   611     0537  3400               	retlw	0
   612     0538                     STR_12:
   613     0538  3434               	retlw	52	;'4'
   614     0539  342E               	retlw	46	;'.'
   615     053A  3453               	retlw	83	;'S'
   616     053B  3454               	retlw	84	;'T'
   617     053C  3441               	retlw	65	;'A'
   618     053D  3452               	retlw	82	;'R'
   619     053E  3454               	retlw	84	;'T'
   620     053F  342F               	retlw	47	;'/'
   621     0540  3452               	retlw	82	;'R'
   622     0541  3445               	retlw	69	;'E'
   623     0542  3453               	retlw	83	;'S'
   624     0543  3455               	retlw	85	;'U'
   625     0544  344D               	retlw	77	;'M'
   626     0545  3445               	retlw	69	;'E'
   627     0546  3400               	retlw	0
   628     0547                     STR_3:
   629     0547  344D               	retlw	77	;'M'
   630     0548  3469               	retlw	105	;'i'
   631     0549  3463               	retlw	99	;'c'
   632     054A  3472               	retlw	114	;'r'
   633     054B  346F               	retlw	111	;'o'
   634     054C  3477               	retlw	119	;'w'
   635     054D  3461               	retlw	97	;'a'
   636     054E  3476               	retlw	118	;'v'
   637     054F  3465               	retlw	101	;'e'
   638     0550  3420               	retlw	32	;' '
   639     0551  344F               	retlw	79	;'O'
   640     0552  3476               	retlw	118	;'v'
   641     0553  3465               	retlw	101	;'e'
   642     0554  346E               	retlw	110	;'n'
   643     0555  3400               	retlw	0
   644     0556                     STR_17:
   645     0556  3453               	retlw	83	;'S'
   646     0557  3445               	retlw	69	;'E'
   647     0558  3454               	retlw	84	;'T'
   648     0559  3420               	retlw	32	;' '
   649     055A  3454               	retlw	84	;'T'
   650     055B  3445               	retlw	69	;'E'
   651     055C  344D               	retlw	77	;'M'
   652     055D  3450               	retlw	80	;'P'
   653     055E  3420               	retlw	32	;' '
   654     055F  343C               	retlw	60	;'<'
   655     0560  342A               	retlw	42	;'*'
   656     0561  3443               	retlw	67	;'C'
   657     0562  343E               	retlw	62	;'>'
   658     0563  3400               	retlw	0
   659     0564                     STR_6:
   660     0564  3433               	retlw	51	;'3'
   661     0565  342E               	retlw	46	;'.'
   662     0566  3420               	retlw	32	;' '
   663     0567  3443               	retlw	67	;'C'
   664     0568  346F               	retlw	111	;'o'
   665     0569  346E               	retlw	110	;'n'
   666     056A  3476               	retlw	118	;'v'
   667     056B  3465               	retlw	101	;'e'
   668     056C  3463               	retlw	99	;'c'
   669     056D  3474               	retlw	116	;'t'
   670     056E  3469               	retlw	105	;'i'
   671     056F  346F               	retlw	111	;'o'
   672     0570  346E               	retlw	110	;'n'
   673     0571  3400               	retlw	0
   674     0572                     STR_1:
   675     0572  3450               	retlw	80	;'P'
   676     0573  346F               	retlw	111	;'o'
   677     0574  3477               	retlw	119	;'w'
   678     0575  3465               	retlw	101	;'e'
   679     0576  3472               	retlw	114	;'r'
   680     0577  3420               	retlw	32	;' '
   681     0578  343A               	retlw	58	;':'
   682     0579  3420               	retlw	32	;' '
   683     057A  3439               	retlw	57	;'9'
   684     057B  3430               	retlw	48	;'0'
   685     057C  3430               	retlw	48	;'0'
   686     057D  3457               	retlw	87	;'W'
   687     057E  3400               	retlw	0
   688     057F                     STR_2:
   689     057F  3450               	retlw	80	;'P'
   690     0580  346F               	retlw	111	;'o'
   691     0581  3477               	retlw	119	;'w'
   692     0582  3465               	retlw	101	;'e'
   693     0583  3472               	retlw	114	;'r'
   694     0584  3469               	retlw	105	;'i'
   695     0585  346E               	retlw	110	;'n'
   696     0586  3467               	retlw	103	;'g'
   697     0587  3420               	retlw	32	;' '
   698     0588  344F               	retlw	79	;'O'
   699     0589  344E               	retlw	78	;'N'
   700     058A  3400               	retlw	0
   701     058B                     STR_20:
   702     058B  3450               	retlw	80	;'P'
   703     058C  3472               	retlw	114	;'r'
   704     058D  3465               	retlw	101	;'e'
   705     058E  342D               	retlw	45	;'-'
   706     058F  3448               	retlw	72	;'H'
   707     0590  3465               	retlw	101	;'e'
   708     0591  3461               	retlw	97	;'a'
   709     0592  3474               	retlw	116	;'t'
   710     0593  3469               	retlw	105	;'i'
   711     0594  346E               	retlw	110	;'n'
   712     0595  3467               	retlw	103	;'g'
   713     0596  3400               	retlw	0
   714     0597                     STR_15:
   715     0597  3454               	retlw	84	;'T'
   716     0598  3449               	retlw	73	;'I'
   717     0599  344D               	retlw	77	;'M'
   718     059A  3445               	retlw	69	;'E'
   719     059B  3420               	retlw	32	;' '
   720     059C  3455               	retlw	85	;'U'
   721     059D  3450               	retlw	80	;'P'
   722     059E  3421               	retlw	33	;'!'
   723     059F  3421               	retlw	33	;'!'
   724     05A0  3421               	retlw	33	;'!'
   725     05A1  3400               	retlw	0
   726     05A2                     STR_21:
   727     05A2  3454               	retlw	84	;'T'
   728     05A3  3469               	retlw	105	;'i'
   729     05A4  346D               	retlw	109	;'m'
   730     05A5  3465               	retlw	101	;'e'
   731     05A6  3420               	retlw	32	;' '
   732     05A7  3452               	retlw	82	;'R'
   733     05A8  3465               	retlw	101	;'e'
   734     05A9  346D               	retlw	109	;'m'
   735     05AA  343A               	retlw	58	;':'
   736     05AB  3400               	retlw	0
   737     05AC                     STR_11:
   738     05AC  3454               	retlw	84	;'T'
   739     05AD  3449               	retlw	73	;'I'
   740     05AE  344D               	retlw	77	;'M'
   741     05AF  3445               	retlw	69	;'E'
   742     05B0  3420               	retlw	32	;' '
   743     05B1  343D               	retlw	61	;'='
   744     05B2  3420               	retlw	32	;' '
   745     05B3  3420               	retlw	32	;' '
   746     05B4  3400               	retlw	0
   747     05B5                     STR_5:
   748     05B5  3432               	retlw	50	;'2'
   749     05B6  342E               	retlw	46	;'.'
   750     05B7  3420               	retlw	32	;' '
   751     05B8  3447               	retlw	71	;'G'
   752     05B9  3472               	retlw	114	;'r'
   753     05BA  3469               	retlw	105	;'i'
   754     05BB  346C               	retlw	108	;'l'
   755     05BC  346C               	retlw	108	;'l'
   756     05BD  3400               	retlw	0
   757     05BE                     STR_4:
   758     05BE  3431               	retlw	49	;'1'
   759     05BF  342E               	retlw	46	;'.'
   760     05C0  3420               	retlw	32	;' '
   761     05C1  344D               	retlw	77	;'M'
   762     05C2  3469               	retlw	105	;'i'
   763     05C3  3463               	retlw	99	;'c'
   764     05C4  3472               	retlw	114	;'r'
   765     05C5  346F               	retlw	111	;'o'
   766     05C6  3400               	retlw	0
   767     05C7                     STR_7:
   768     05C7  3434               	retlw	52	;'4'
   769     05C8  342E               	retlw	46	;'.'
   770     05C9  3420               	retlw	32	;' '
   771     05CA  3453               	retlw	83	;'S'
   772     05CB  3474               	retlw	116	;'t'
   773     05CC  3461               	retlw	97	;'a'
   774     05CD  3472               	retlw	114	;'r'
   775     05CE  3474               	retlw	116	;'t'
   776     05CF  3400               	retlw	0
   777     05D0                     STR_13:
   778     05D0  3435               	retlw	53	;'5'
   779     05D1  342E               	retlw	46	;'.'
   780     05D2  3450               	retlw	80	;'P'
   781     05D3  3441               	retlw	65	;'A'
   782     05D4  3455               	retlw	85	;'U'
   783     05D5  3453               	retlw	83	;'S'
   784     05D6  3445               	retlw	69	;'E'
   785     05D7  3400               	retlw	0
   786     05D8                     STR_14:
   787     05D8  3436               	retlw	54	;'6'
   788     05D9  342E               	retlw	46	;'.'
   789     05DA  3453               	retlw	83	;'S'
   790     05DB  3454               	retlw	84	;'T'
   791     05DC  344F               	retlw	79	;'O'
   792     05DD  3450               	retlw	80	;'P'
   793     05DE  3400               	retlw	0
   794     05DF                     STR_9:
   795     05DF  3454               	retlw	84	;'T'
   796     05E0  3449               	retlw	73	;'I'
   797     05E1  344D               	retlw	77	;'M'
   798     05E2  3445               	retlw	69	;'E'
   799     05E3  343A               	retlw	58	;':'
   800     05E4  3400               	retlw	0
   801     05E5                     STR_18:
   802     05E5  3454               	retlw	84	;'T'
   803     05E6  3445               	retlw	69	;'E'
   804     05E7  344D               	retlw	77	;'M'
   805     05E8  3450               	retlw	80	;'P'
   806     05E9  343A               	retlw	58	;':'
   807     05EA  3400               	retlw	0
   808     0517                     STR_19          equ	STR_10
   809                           
   810                           	psect	cinit
   811     000F                     start_initialization:	
   812                           ; #config settings
   813                           
   814     000F                     __initialization:
   815                           
   816                           ; Initialize objects allocated to BANK0
   817     000F  120A  118A  24FF  120A  118A  	fcall	__pidataBANK0	;fetch initializer
   818     0014  00C0               	movwf	__pdataBANK0& (0+127)
   819                           
   820                           ; Initialize objects allocated to COMMON
   821     0015  120A  118A  24FE  120A  118A  	fcall	__pidataCOMMON	;fetch initializer
   822     001A  00FB               	movwf	__pdataCOMMON& (0+127)
   823                           
   824                           ; Clear objects allocated to BANK0
   825     001B  01B4               	clrf	__pbssBANK0& (0+127)
   826     001C  01B5               	clrf	(__pbssBANK0+1)& (0+127)
   827     001D  01B6               	clrf	(__pbssBANK0+2)& (0+127)
   828     001E  01B7               	clrf	(__pbssBANK0+3)& (0+127)
   829     001F  01B8               	clrf	(__pbssBANK0+4)& (0+127)
   830     0020  01B9               	clrf	(__pbssBANK0+5)& (0+127)
   831     0021  01BA               	clrf	(__pbssBANK0+6)& (0+127)
   832     0022  01BB               	clrf	(__pbssBANK0+7)& (0+127)
   833     0023  01BC               	clrf	(__pbssBANK0+8)& (0+127)
   834     0024  01BD               	clrf	(__pbssBANK0+9)& (0+127)
   835     0025  01BE               	clrf	(__pbssBANK0+10)& (0+127)
   836     0026  01BF               	clrf	(__pbssBANK0+11)& (0+127)
   837                           
   838                           ; Clear objects allocated to COMMON
   839     0027  01F9               	clrf	__pbssCOMMON& (0+127)
   840     0028  01FA               	clrf	(__pbssCOMMON+1)& (0+127)
   841     0029                     end_of_initialization:	
   842                           ;End of C runtime variable initialization code
   843                           
   844     0029                     __end_of__initialization:
   845     0029  0183               	clrf	3
   846     002A  120A  118A  2B15   	ljmp	_main	;jump to C main() function
   847                           
   848                           	psect	bssCOMMON
   849     0079                     __pbssCOMMON:
   850     0079                     isr@count:
   851     0079                     	ds	2
   852                           
   853                           	psect	dataCOMMON
   854     007B                     __pdataCOMMON:
   855     007B                     read_matrix_keypad@once:
   856     007B                     	ds	1
   857                           
   858                           	psect	bssBANK0
   859     0034                     __pbssBANK0:
   860     0034                     _temp:
   861     0034                     	ds	2
   862     0036                     set_temp@display_blank:
   863     0036                     	ds	1
   864     0037                     set_temp@delay:
   865     0037                     	ds	1
   866     0038                     set_temp@key_count:
   867     0038                     	ds	1
   868     0039                     set_time@display_blank:
   869     0039                     	ds	1
   870     003A                     set_time@delay:
   871     003A                     	ds	1
   872     003B                     set_time@key_count:
   873     003B                     	ds	1
   874     003C                     set_time@blink_pos:
   875     003C                     	ds	1
   876     003D                     _pre_heat:
   877     003D                     	ds	1
   878     003E                     _min:
   879     003E                     	ds	1
   880     003F                     _sec:
   881     003F                     	ds	1
   882                           
   883                           	psect	dataBANK0
   884     0040                     __pdataBANK0:
   885     0040                     _screen_flag:
   886     0040                     	ds	1
   887                           
   888                           	psect	cstackCOMMON
   889     0070                     __pcstackCOMMON:
   890     0070                     ?_init_matrix_keypad:
   891     0070                     ?_init_timer2:	
   892                           ; 1 bytes @ 0x0
   893                           
   894     0070                     ?_read_matrix_keypad:	
   895                           ; 1 bytes @ 0x0
   896                           
   897     0070                     ?_display_power_screen:	
   898                           ; 1 bytes @ 0x0
   899                           
   900     0070                     ?_display_modes:	
   901                           ; 1 bytes @ 0x0
   902                           
   903     0070                     ?_display_time:	
   904                           ; 1 bytes @ 0x0
   905                           
   906     0070                     ?_heat_food:	
   907                           ; 1 bytes @ 0x0
   908                           
   909     0070                     ?_init_display_controller:	
   910                           ; 1 bytes @ 0x0
   911                           
   912     0070                     ?_init_clcd:	
   913                           ; 1 bytes @ 0x0
   914                           
   915     0070                     ?_clear_screen:	
   916                           ; 1 bytes @ 0x0
   917                           
   918     0070                     ?_init_config:	
   919                           ; 1 bytes @ 0x0
   920                           
   921     0070                     ?_main:	
   922                           ; 1 bytes @ 0x0
   923                           
   924     0070                     ?_scan_keypad:	
   925                           ; 1 bytes @ 0x0
   926                           
   927     0070                     ?_isr:	
   928                           ; 1 bytes @ 0x0
   929                           
   930     0070                     ??_isr:	
   931                           ; 1 bytes @ 0x0
   932                           
   933                           
   934                           ; 1 bytes @ 0x0
   935     0070                     	ds	2
   936     0072                     ?_clcd_write:
   937     0072                     ?___bmul:	
   938                           ; 1 bytes @ 0x2
   939                           
   940     0072                     ?___wmul:	
   941                           ; 1 bytes @ 0x2
   942                           
   943     0072                     ?___awdiv:	
   944                           ; 2 bytes @ 0x2
   945                           
   946     0072                     ?___lwdiv:	
   947                           ; 2 bytes @ 0x2
   948                           
   949     0072                     clcd_write@mode:	
   950                           ; 2 bytes @ 0x2
   951                           
   952     0072                     ___bmul@multiplicand:	
   953                           ; 1 bytes @ 0x2
   954                           
   955     0072                     scan_keypad@i:	
   956                           ; 1 bytes @ 0x2
   957                           
   958     0072                     ___wmul@multiplier:	
   959                           ; 2 bytes @ 0x2
   960                           
   961     0072                     ___awdiv@divisor:	
   962                           ; 2 bytes @ 0x2
   963                           
   964     0072                     ___lwdiv@divisor:	
   965                           ; 2 bytes @ 0x2
   966                           
   967     0072                     ??_init_matrix_keypad:	
   968                           ; 2 bytes @ 0x2
   969                           
   970     0072                     ??_init_timer2:	
   971                           ; 1 bytes @ 0x2
   972                           
   973     0072                     ??_heat_food:	
   974                           ; 1 bytes @ 0x2
   975                           
   976     0072                     ??_scan_keypad:	
   977                           ; 1 bytes @ 0x2
   978                           
   979                           
   980                           ; 1 bytes @ 0x2
   981     0072                     	ds	1
   982     0073                     ___bmul@product:
   983     0073                     ??_clcd_write:	
   984                           ; 1 bytes @ 0x3
   985                           
   986     0073                     ??___bmul:	
   987                           ; 1 bytes @ 0x3
   988                           
   989                           
   990                           ; 1 bytes @ 0x3
   991     0073                     	ds	1
   992     0074                     read_matrix_keypad@mode:
   993     0074                     ___bmul@multiplier:	
   994                           ; 1 bytes @ 0x4
   995                           
   996     0074                     ___wmul@multiplicand:	
   997                           ; 1 bytes @ 0x4
   998                           
   999     0074                     ___awdiv@dividend:	
  1000                           ; 2 bytes @ 0x4
  1001                           
  1002     0074                     ___lwdiv@dividend:	
  1003                           ; 2 bytes @ 0x4
  1004                           
  1005     0074                     ??_read_matrix_keypad:	
  1006                           ; 2 bytes @ 0x4
  1007                           
  1008                           
  1009                           ; 1 bytes @ 0x4
  1010     0074                     	ds	1
  1011     0075                     clcd_write@byte:
  1012     0075                     read_matrix_keypad@key:	
  1013                           ; 1 bytes @ 0x5
  1014                           
  1015                           
  1016                           ; 1 bytes @ 0x5
  1017     0075                     	ds	1
  1018     0076                     ?_clcd_print:
  1019     0076                     clcd_print@str:	
  1020                           ; 1 bytes @ 0x6
  1021                           
  1022     0076                     ___awmod@counter:	
  1023                           ; 1 bytes @ 0x6
  1024                           
  1025     0076                     ___wmul@product:	
  1026                           ; 1 bytes @ 0x6
  1027                           
  1028     0076                     ___lwdiv@quotient:	
  1029                           ; 2 bytes @ 0x6
  1030                           
  1031     0076                     ??_init_display_controller:	
  1032                           ; 2 bytes @ 0x6
  1033                           
  1034     0076                     ??_clear_screen:	
  1035                           ; 1 bytes @ 0x6
  1036                           
  1037     0076                     ??___wmul:	
  1038                           ; 1 bytes @ 0x6
  1039                           
  1040     0076                     ??___awdiv:	
  1041                           ; 1 bytes @ 0x6
  1042                           
  1043     0076                     ??___awmod:	
  1044                           ; 1 bytes @ 0x6
  1045                           
  1046     0076                     ??___lwdiv:	
  1047                           ; 1 bytes @ 0x6
  1048                           
  1049                           
  1050                           ; 1 bytes @ 0x6
  1051     0076                     	ds	1
  1052     0077                     clcd_print@addr:
  1053     0077                     ___awmod@sign:	
  1054                           ; 1 bytes @ 0x7
  1055                           
  1056                           
  1057                           ; 1 bytes @ 0x7
  1058     0077                     	ds	1
  1059     0078                     ___lwdiv@counter:
  1060     0078                     ??_display_modes:	
  1061                           ; 1 bytes @ 0x8
  1062                           
  1063     0078                     ??_init_clcd:	
  1064                           ; 1 bytes @ 0x8
  1065                           
  1066     0078                     ??_clcd_print:	
  1067                           ; 1 bytes @ 0x8
  1068                           
  1069     0078                     ??_init_config:	
  1070                           ; 1 bytes @ 0x8
  1071                           
  1072                           
  1073                           ; 1 bytes @ 0x8
  1074     0078                     	ds	1
  1075     0079                     ??_clcd_putch:
  1076     0079                     ??___lwmod:	
  1077                           ; 1 bytes @ 0x9
  1078                           
  1079                           
  1080                           	psect	cstackBANK0
  1081     0020                     __pcstackBANK0:	
  1082                           ; 1 bytes @ 0x9
  1083                           
  1084     0020                     ?___lwmod:
  1085     0020                     ___awdiv@counter:	
  1086                           ; 2 bytes @ 0x0
  1087                           
  1088     0020                     ___lwmod@divisor:	
  1089                           ; 1 bytes @ 0x0
  1090                           
  1091                           
  1092                           ; 2 bytes @ 0x0
  1093     0020                     	ds	1
  1094     0021                     ___awdiv@sign:
  1095                           
  1096                           ; 1 bytes @ 0x1
  1097     0021                     	ds	1
  1098     0022                     ___awdiv@quotient:
  1099     0022                     ___lwmod@dividend:	
  1100                           ; 2 bytes @ 0x2
  1101                           
  1102                           
  1103                           ; 2 bytes @ 0x2
  1104     0022                     	ds	2
  1105     0024                     ?___awmod:
  1106     0024                     ___lwmod@counter:	
  1107                           ; 2 bytes @ 0x4
  1108                           
  1109     0024                     ___awmod@divisor:	
  1110                           ; 1 bytes @ 0x4
  1111                           
  1112                           
  1113                           ; 2 bytes @ 0x4
  1114     0024                     	ds	2
  1115     0026                     ___awmod@dividend:
  1116                           
  1117                           ; 2 bytes @ 0x6
  1118     0026                     	ds	2
  1119     0028                     ?_clcd_putch:
  1120     0028                     clcd_putch@addr:	
  1121                           ; 1 bytes @ 0x8
  1122                           
  1123                           
  1124                           ; 1 bytes @ 0x8
  1125     0028                     	ds	1
  1126     0029                     clcd_putch@data:
  1127                           
  1128                           ; 1 bytes @ 0x9
  1129     0029                     	ds	1
  1130     002A                     ?_set_time:
  1131     002A                     ?_set_temp:	
  1132                           ; 1 bytes @ 0xA
  1133                           
  1134     002A                     set_time@reset_flag:	
  1135                           ; 1 bytes @ 0xA
  1136                           
  1137     002A                     set_temp@reset_flag:	
  1138                           ; 1 bytes @ 0xA
  1139                           
  1140     002A                     ??_display_power_screen:	
  1141                           ; 1 bytes @ 0xA
  1142                           
  1143     002A                     ??_display_time:	
  1144                           ; 1 bytes @ 0xA
  1145                           
  1146                           
  1147                           ; 1 bytes @ 0xA
  1148     002A                     	ds	1
  1149     002B                     ??_set_time:
  1150     002B                     ??_set_temp:	
  1151                           ; 1 bytes @ 0xB
  1152                           
  1153                           
  1154                           ; 1 bytes @ 0xB
  1155     002B                     	ds	2
  1156     002D                     display_power_screen@i:
  1157     002D                     set_time@key:	
  1158                           ; 1 bytes @ 0xD
  1159                           
  1160     002D                     set_temp@key:	
  1161                           ; 1 bytes @ 0xD
  1162                           
  1163                           
  1164                           ; 1 bytes @ 0xD
  1165     002D                     	ds	1
  1166     002E                     display_power_screen@i_156:
  1167                           
  1168                           ; 1 bytes @ 0xE
  1169     002E                     	ds	1
  1170     002F                     ??_main:
  1171                           
  1172                           ; 1 bytes @ 0xF
  1173     002F                     	ds	3
  1174     0032                     main@reset_flag:
  1175                           
  1176                           ; 1 bytes @ 0x12
  1177     0032                     	ds	1
  1178     0033                     main@key:
  1179                           
  1180                           ; 1 bytes @ 0x13
  1181     0033                     	ds	1
  1182                           
  1183                           	psect	maintext
  1184     0315                     __pmaintext:	
  1185 ;;
  1186 ;;Main: autosize = 0, tempsize = 3, incstack = 0, save=0
  1187 ;;
  1188 ;; *************** function _main *****************
  1189 ;; Defined at:
  1190 ;;		line 25 in file "main.c"
  1191 ;; Parameters:    Size  Location     Type
  1192 ;;		None
  1193 ;; Auto vars:     Size  Location     Type
  1194 ;;  key             1   19[BANK0 ] unsigned char 
  1195 ;;  reset_flag      1   18[BANK0 ] unsigned char 
  1196 ;; Return value:  Size  Location     Type
  1197 ;;                  1    wreg      void 
  1198 ;; Registers used:
  1199 ;;		wreg, fsr0l, fsr0h, status,2, status,0, pclath, btemp1, cstack
  1200 ;; Tracked objects:
  1201 ;;		On entry : B00/0
  1202 ;;		On exit  : 0/0
  1203 ;;		Unchanged: 0/0
  1204 ;; Data sizes:     COMMON   BANK0   BANK1   BANK3   BANK2
  1205 ;;      Params:         0       0       0       0       0
  1206 ;;      Locals:         0       2       0       0       0
  1207 ;;      Temps:          0       3       0       0       0
  1208 ;;      Totals:         0       5       0       0       0
  1209 ;;Total ram usage:        5 bytes
  1210 ;; Hardware stack levels required when called: 5
  1211 ;; This function calls:
  1212 ;;		_clcd_print
  1213 ;;		_clear_screen
  1214 ;;		_display_modes
  1215 ;;		_display_power_screen
  1216 ;;		_display_time
  1217 ;;		_heat_food
  1218 ;;		_init_config
  1219 ;;		_read_matrix_keypad
  1220 ;;		_set_temp
  1221 ;;		_set_time
  1222 ;; This function is called by:
  1223 ;;		Startup code after reset
  1224 ;; This function uses a non-reentrant model
  1225 ;;
  1226                           
  1227     0315                     _main:	
  1228                           ;psect for function _main
  1229                           
  1230     0315                     l2525:	
  1231                           ;incstack = 0
  1232                           ; Regs used in _main: [wreg-fsr0h+status,2+status,0+pclath+btemp1+cstack]
  1233                           
  1234                           
  1235                           ;main.c: 26:                 reset_flag = 0x31;
  1236     0315  120A  118A  24E9  120A  118A  	fcall	_init_config
  1237     031A                     l2527:
  1238                           
  1239                           ;main.c: 31:                 clear_screen();
  1240     031A  3001               	movlw	1
  1241     031B  120A  158A  2628  120A  118A  	fcall	_read_matrix_keypad
  1242     0320  1283               	bcf	3,5	;RP0=0, select bank0
  1243     0321  1303               	bcf	3,6	;RP1=0, select bank0
  1244     0322  00B3               	movwf	main@key
  1245     0323                     l2529:
  1246                           
  1247                           ;main.c: 32:             }
  1248     0323  3020               	movlw	32
  1249     0324  0640               	xorwf	_screen_flag,w
  1250     0325  1D03               	btfss	3,2
  1251     0326  2B28               	goto	u2721
  1252     0327  2B29               	goto	u2720
  1253     0328                     u2721:
  1254     0328  2B7A               	goto	l2563
  1255     0329                     u2720:
  1256     0329                     l2531:
  1257                           
  1258                           ;main.c: 33:             else if(key == 3){
  1259     0329  0333               	decf	main@key,w
  1260     032A  1D03               	btfss	3,2
  1261     032B  2B2D               	goto	u2731
  1262     032C  2B2E               	goto	u2730
  1263     032D                     u2731:
  1264     032D  2B56               	goto	l2545
  1265     032E                     u2730:
  1266     032E                     l2533:
  1267                           
  1268                           ;main.c: 34:                 screen_flag = 0x50;
  1269     032E  3030               	movlw	48
  1270     032F  00C0               	movwf	_screen_flag
  1271     0330                     l2535:
  1272                           
  1273                           ;main.c: 35:                 reset_flag = 0x31;
  1274     0330  120A  158A  2602  120A  118A  	fcall	_clear_screen
  1275     0335                     l2537:
  1276                           
  1277                           ;main.c: 36:                 clear_screen();
  1278     0335  306D               	movlw	(low ((STR_1-__stringbase)| (0+32768)))& (0+255)
  1279     0336  00F6               	movwf	clcd_print@str
  1280     0337  30C2               	movlw	194
  1281     0338  00F7               	movwf	clcd_print@addr
  1282     0339  120A  158A  264B  120A  118A  	fcall	_clcd_print
  1283     033E                     l2539:
  1284                           
  1285                           ;main.c: 37:             }
  1286     033E  304D               	movlw	77
  1287     033F  1283               	bcf	3,5	;RP0=0, select bank0
  1288     0340  1303               	bcf	3,6	;RP1=0, select bank0
  1289     0341  00B1               	movwf	??_main+2
  1290     0342  3019               	movlw	25
  1291     0343  00B0               	movwf	??_main+1
  1292     0344  304F               	movlw	79
  1293     0345  00AF               	movwf	??_main
  1294     0346                     u2847:
  1295     0346  0BAF               	decfsz	??_main,f
  1296     0347  2B46               	goto	u2847
  1297     0348  0BB0               	decfsz	??_main+1,f
  1298     0349  2B46               	goto	u2847
  1299     034A  0BB1               	decfsz	??_main+2,f
  1300     034B  2B46               	goto	u2847
  1301     034C                     l2541:
  1302                           
  1303                           ;main.c: 38:             else if(key == 4){
  1304     034C  120A  158A  2602  120A  118A  	fcall	_clear_screen
  1305     0351                     l2543:
  1306                           
  1307                           ;main.c: 39:                 screen_flag = 0x60;
  1308     0351  3031               	movlw	49
  1309     0352  1283               	bcf	3,5	;RP0=0, select bank0
  1310     0353  1303               	bcf	3,6	;RP1=0, select bank0
  1311     0354  00B2               	movwf	main@reset_flag
  1312                           
  1313                           ;main.c: 40:                 clear_screen();
  1314     0355  2BFA               	goto	l2611
  1315     0356                     l2545:
  1316     0356  3002               	movlw	2
  1317     0357  0633               	xorwf	main@key,w
  1318     0358  1D03               	btfss	3,2
  1319     0359  2B5B               	goto	u2741
  1320     035A  2B5C               	goto	u2740
  1321     035B                     u2741:
  1322     035B  2B66               	goto	l2551
  1323     035C                     u2740:
  1324     035C                     l2547:
  1325                           
  1326                           ;main.c: 42:         }
  1327     035C  3040               	movlw	64
  1328     035D  00C0               	movwf	_screen_flag
  1329                           
  1330                           ;main.c: 43: 
  1331     035E  3031               	movlw	49
  1332     035F  00B2               	movwf	main@reset_flag
  1333     0360                     l2549:
  1334                           
  1335                           ;main.c: 44:         else if(screen_flag == 0x70){
  1336     0360  120A  158A  2602  120A  118A  	fcall	_clear_screen
  1337                           
  1338                           ;main.c: 45:             if(key == 4){
  1339     0365  2BFA               	goto	l2611
  1340     0366                     l2551:
  1341     0366  3003               	movlw	3
  1342     0367  0633               	xorwf	main@key,w
  1343     0368  1D03               	btfss	3,2
  1344     0369  2B6B               	goto	u2751
  1345     036A  2B6C               	goto	u2750
  1346     036B                     u2751:
  1347     036B  2B71               	goto	l2557
  1348     036C                     u2750:
  1349     036C                     l2553:
  1350                           
  1351                           ;main.c: 47:                 if(sec > 59){
  1352     036C  3050               	movlw	80
  1353     036D  00C0               	movwf	_screen_flag
  1354                           
  1355                           ;main.c: 48:                     min++;
  1356     036E  3031               	movlw	49
  1357     036F  00B2               	movwf	main@reset_flag
  1358     0370  2B60               	goto	l2549
  1359     0371                     l2557:
  1360     0371  3004               	movlw	4
  1361     0372  0633               	xorwf	main@key,w
  1362     0373  1D03               	btfss	3,2
  1363     0374  2B76               	goto	u2761
  1364     0375  2B77               	goto	u2760
  1365     0376                     u2761:
  1366     0376  2BFA               	goto	l2611
  1367     0377                     u2760:
  1368     0377                     l2559:
  1369                           
  1370                           ;main.c: 52:             else if(key == 5){
  1371     0377  3060               	movlw	96
  1372     0378  00C0               	movwf	_screen_flag
  1373     0379  2B60               	goto	l2549
  1374     037A                     l2563:
  1375     037A  3070               	movlw	112
  1376     037B  0640               	xorwf	_screen_flag,w
  1377     037C  1D03               	btfss	3,2
  1378     037D  2B7F               	goto	u2771
  1379     037E  2B80               	goto	u2770
  1380     037F                     u2771:
  1381     037F  2BA7               	goto	l2581
  1382     0380                     u2770:
  1383     0380                     l2565:
  1384                           
  1385                           ;main.c: 58:         }
  1386     0380  3004               	movlw	4
  1387     0381  0633               	xorwf	main@key,w
  1388     0382  1D03               	btfss	3,2
  1389     0383  2B85               	goto	u2781
  1390     0384  2B86               	goto	u2780
  1391     0385                     u2781:
  1392     0385  2B95               	goto	l2573
  1393     0386                     u2780:
  1394     0386                     l2567:
  1395                           
  1396                           ;main.c: 59:         else if(screen_flag == 0x80){
  1397     0386  083F               	movf	_sec,w
  1398     0387  3E1E               	addlw	30
  1399     0388  00BF               	movwf	_sec
  1400     0389                     l2569:
  1401                           
  1402                           ;main.c: 60:             if(key == 4){
  1403     0389  303C               	movlw	60
  1404     038A  023F               	subwf	_sec,w
  1405     038B  1C03               	skipc
  1406     038C  2B8E               	goto	u2791
  1407     038D  2B8F               	goto	u2790
  1408     038E                     u2791:
  1409     038E  2BFA               	goto	l2611
  1410     038F                     u2790:
  1411     038F                     l2571:
  1412                           
  1413                           ;main.c: 61:                 TMR2ON = 1;
  1414     038F  3001               	movlw	1
  1415     0390  07BE               	addwf	_min,f
  1416                           
  1417                           ;main.c: 62:                 RC2 = 1;
  1418     0391  083F               	movf	_sec,w
  1419     0392  3EC4               	addlw	196
  1420     0393  00BF               	movwf	_sec
  1421     0394  2BFA               	goto	l2611
  1422     0395                     l2573:
  1423     0395  3005               	movlw	5
  1424     0396  0633               	xorwf	main@key,w
  1425     0397  1D03               	btfss	3,2
  1426     0398  2B9A               	goto	u2801
  1427     0399  2B9B               	goto	u2800
  1428     039A                     u2801:
  1429     039A  2B9E               	goto	l2577
  1430     039B                     u2800:
  1431     039B                     l2575:
  1432                           
  1433                           ;main.c: 66: 
  1434     039B  3080               	movlw	128
  1435     039C  00C0               	movwf	_screen_flag
  1436                           
  1437                           ;main.c: 67:         switch(screen_flag){
  1438     039D  2BFA               	goto	l2611
  1439     039E                     l2577:
  1440     039E  3006               	movlw	6
  1441     039F  0633               	xorwf	main@key,w
  1442     03A0  1D03               	btfss	3,2
  1443     03A1  2BA3               	goto	u2811
  1444     03A2  2BA4               	goto	u2810
  1445     03A3                     u2811:
  1446     03A3  2BFA               	goto	l2611
  1447     03A4                     u2810:
  1448     03A4                     l2579:
  1449                           
  1450                           ;main.c: 69:             case 0x10 :
  1451     03A4  3090               	movlw	144
  1452     03A5  00C0               	movwf	_screen_flag
  1453     03A6  2BFA               	goto	l2611
  1454     03A7                     l2581:
  1455     03A7  3080               	movlw	128
  1456     03A8  0640               	xorwf	_screen_flag,w
  1457     03A9  1D03               	btfss	3,2
  1458     03AA  2BAC               	goto	u2821
  1459     03AB  2BAD               	goto	u2820
  1460     03AC                     u2821:
  1461     03AC  2BFA               	goto	l2611
  1462     03AD                     u2820:
  1463     03AD                     l2583:
  1464                           
  1465                           ;main.c: 73:                                 break;
  1466     03AD  3004               	movlw	4
  1467     03AE  0633               	xorwf	main@key,w
  1468     03AF  1D03               	btfss	3,2
  1469     03B0  2BB2               	goto	u2831
  1470     03B1  2BB3               	goto	u2830
  1471     03B2                     u2831:
  1472     03B2  2BFA               	goto	l2611
  1473     03B3                     u2830:
  1474     03B3                     l2585:
  1475                           
  1476                           ;main.c: 74:             case 0x20 :
  1477     03B3  1512               	bsf	18,2	;volatile
  1478                           
  1479                           ;main.c: 75:                                 display_modes();
  1480     03B4  1507               	bsf	7,2	;volatile
  1481                           
  1482                           ;main.c: 76:                                 break;
  1483     03B5  3070               	movlw	112
  1484     03B6  00C0               	movwf	_screen_flag
  1485     03B7  2BFA               	goto	l2611
  1486     03B8                     l2587:
  1487                           
  1488                           ;main.c: 83:             case 0x40 :
  1489     03B8  120A  118A  2783  120A  118A  	fcall	_display_power_screen
  1490     03BD                     l2589:
  1491                           
  1492                           ;main.c: 84:                                 set_time(key, reset_flag );
  1493     03BD  120A  158A  2602  120A  118A  	fcall	_clear_screen
  1494     03C2                     l2591:
  1495                           
  1496                           ;main.c: 85:                                 break;
  1497     03C2  3020               	movlw	32
  1498     03C3  1283               	bcf	3,5	;RP0=0, select bank0
  1499     03C4  1303               	bcf	3,6	;RP1=0, select bank0
  1500     03C5  00C0               	movwf	_screen_flag
  1501                           
  1502                           ;main.c: 86:             case 0x50 :
  1503     03C6  2C19               	goto	l107
  1504     03C7                     l2593:
  1505                           
  1506                           ;main.c: 88:                                 set_temp(key , reset_flag);
  1507     03C7  120A  158A  2670  120A  118A  	fcall	_display_modes
  1508                           
  1509                           ;main.c: 89:                                 break;
  1510     03CC  2C19               	goto	l107
  1511     03CD                     l2595:
  1512                           
  1513                           ;main.c: 91:                                 heat_food();
  1514     03CD  0832               	movf	main@reset_flag,w
  1515     03CE  00AA               	movwf	set_time@reset_flag
  1516     03CF  0833               	movf	main@key,w
  1517     03D0  120A  118A  21CC  120A  118A  	fcall	_set_time
  1518                           
  1519                           ;main.c: 92:                                 break;
  1520     03D5  2C19               	goto	l107
  1521     03D6                     l2597:
  1522                           
  1523                           ;main.c: 94:                                TMR2ON = 0;
  1524     03D6  120A  118A  25EB  120A  118A  	fcall	_display_time
  1525                           
  1526                           ;main.c: 95:                                RC2 = 0;
  1527     03DB  2C19               	goto	l107
  1528     03DC                     l2599:
  1529                           
  1530                           ;main.c: 97:             case 0x90 :
  1531     03DC  0832               	movf	main@reset_flag,w
  1532     03DD  00AA               	movwf	set_time@reset_flag
  1533     03DE  0833               	movf	main@key,w
  1534     03DF  120A  118A  21CC  120A  118A  	fcall	_set_time
  1535                           
  1536                           ;main.c: 98:                                TMR2ON = 0;
  1537     03E4  2C19               	goto	l107
  1538     03E5                     l2601:
  1539                           
  1540                           ;main.c: 101:                                screen_flag = 0x20;
  1541     03E5  0832               	movf	main@reset_flag,w
  1542     03E6  00AA               	movwf	set_temp@reset_flag
  1543     03E7  0833               	movf	main@key,w
  1544     03E8  120A  118A  202D  120A  118A  	fcall	_set_temp
  1545                           
  1546                           ;main.c: 102:                                break;
  1547     03ED  2C19               	goto	l107
  1548     03EE                     l2603:
  1549                           
  1550                           ;main.c: 104:         reset_flag = 0xFF;
  1551     03EE  120A  158A  25D0  120A  118A  	fcall	_heat_food
  1552                           
  1553                           ;main.c: 105:     }
  1554     03F3  2C19               	goto	l107
  1555     03F4                     l114:	
  1556                           ;main.c: 106:     return;
  1557                           
  1558                           
  1559                           ;main.c: 107: }
  1560     03F4  1112               	bcf	18,2	;volatile
  1561     03F5  1107               	bcf	7,2	;volatile
  1562     03F6  2C19               	goto	l107
  1563     03F7                     l115:
  1564     03F7  1112               	bcf	18,2	;volatile
  1565     03F8  1107               	bcf	7,2	;volatile
  1566     03F9  2BBD               	goto	l2589
  1567     03FA                     l2611:
  1568     03FA  1283               	bcf	3,5	;RP0=0, select bank0
  1569     03FB  1303               	bcf	3,6	;RP1=0, select bank0
  1570     03FC  0840               	movf	_screen_flag,w
  1571                           
  1572                           ; Switch size 1, requested type "simple"
  1573                           ; Number of cases is 9, Range of values is 16 to 144
  1574                           ; switch strategies available:
  1575                           ; Name         Instructions Cycles
  1576                           ; simple_byte           28    15 (average)
  1577                           ; jumptable            263     9 (fixed)
  1578                           ;	Chosen strategy is simple_byte
  1579     03FD  3A10               	xorlw	16	; case 16
  1580     03FE  1903               	skipnz
  1581     03FF  2BB8               	goto	l2587
  1582     0400  3A30               	xorlw	48	; case 32
  1583     0401  1903               	skipnz
  1584     0402  2BC7               	goto	l2593
  1585     0403  3A10               	xorlw	16	; case 48
  1586     0404  1903               	skipnz
  1587     0405  2BCD               	goto	l2595
  1588     0406  3A70               	xorlw	112	; case 64
  1589     0407  1903               	skipnz
  1590     0408  2BDC               	goto	l2599
  1591     0409  3A10               	xorlw	16	; case 80
  1592     040A  1903               	skipnz
  1593     040B  2BE5               	goto	l2601
  1594     040C  3A30               	xorlw	48	; case 96
  1595     040D  1903               	skipnz
  1596     040E  2BEE               	goto	l2603
  1597     040F  3A10               	xorlw	16	; case 112
  1598     0410  1903               	skipnz
  1599     0411  2BD6               	goto	l2597
  1600     0412  3AF0               	xorlw	240	; case 128
  1601     0413  1903               	skipnz
  1602     0414  2BF4               	goto	l114
  1603     0415  3A10               	xorlw	16	; case 144
  1604     0416  1903               	skipnz
  1605     0417  2BF7               	goto	l115
  1606     0418  2C19               	goto	l107
  1607     0419                     l107:
  1608     0419  30FF               	movlw	255
  1609     041A  1283               	bcf	3,5	;RP0=0, select bank0
  1610     041B  1303               	bcf	3,6	;RP1=0, select bank0
  1611     041C  00B2               	movwf	main@reset_flag
  1612     041D  2B1A               	goto	l2527
  1613     041E  120A  118A  280C   	ljmp	start
  1614     0421                     __end_of_main:
  1615                           
  1616                           	psect	text1
  1617     01CC                     __ptext1:	
  1618 ;; *************** function _set_time *****************
  1619 ;; Defined at:
  1620 ;;		line 36 in file "micro_oven.c"
  1621 ;; Parameters:    Size  Location     Type
  1622 ;;  key             1    wreg     unsigned char 
  1623 ;;  reset_flag      1   10[BANK0 ] unsigned char 
  1624 ;; Auto vars:     Size  Location     Type
  1625 ;;  key             1   13[BANK0 ] unsigned char 
  1626 ;; Return value:  Size  Location     Type
  1627 ;;                  1    wreg      void 
  1628 ;; Registers used:
  1629 ;;		wreg, fsr0l, fsr0h, status,2, status,0, pclath, cstack
  1630 ;; Tracked objects:
  1631 ;;		On entry : 0/0
  1632 ;;		On exit  : 0/0
  1633 ;;		Unchanged: 0/0
  1634 ;; Data sizes:     COMMON   BANK0   BANK1   BANK3   BANK2
  1635 ;;      Params:         0       1       0       0       0
  1636 ;;      Locals:         0       1       0       0       0
  1637 ;;      Temps:          0       2       0       0       0
  1638 ;;      Totals:         0       4       0       0       0
  1639 ;;Total ram usage:        4 bytes
  1640 ;; Hardware stack levels used: 1
  1641 ;; Hardware stack levels required when called: 2
  1642 ;; This function calls:
  1643 ;;		___awdiv
  1644 ;;		___awmod
  1645 ;;		___bmul
  1646 ;;		_clcd_print
  1647 ;;		_clcd_putch
  1648 ;;		_clear_screen
  1649 ;; This function is called by:
  1650 ;;		_main
  1651 ;; This function uses a non-reentrant model
  1652 ;;
  1653                           
  1654     01CC                     _set_time:	
  1655                           ;psect for function _set_time
  1656                           
  1657                           
  1658                           ;incstack = 0
  1659                           ; Regs used in _set_time: [wreg-fsr0h+status,2+status,0+pclath+cstack]
  1660                           ;set_time@key stored from wreg
  1661     01CC  1283               	bcf	3,5	;RP0=0, select bank0
  1662     01CD  1303               	bcf	3,6	;RP1=0, select bank0
  1663     01CE  00AD               	movwf	set_time@key
  1664     01CF                     l2349:
  1665                           
  1666                           ;micro_oven.c: 37:     static unsigned char blink_pos = 0;;micro_oven.c: 38:     static 
      +                          unsigned char key_count = 0;;micro_oven.c: 39:     static unsigned char delay,display_bl
      +                          ank;;micro_oven.c: 40:     if(reset_flag == 0x31 ){
  1667     01CF  3031               	movlw	49
  1668     01D0  062A               	xorwf	set_time@reset_flag,w
  1669     01D1  1D03               	btfss	3,2
  1670     01D2  29D4               	goto	u2421
  1671     01D3  29D5               	goto	u2420
  1672     01D4                     u2421:
  1673     01D4  29DA               	goto	l2353
  1674     01D5                     u2420:
  1675     01D5                     l2351:
  1676                           
  1677                           ;micro_oven.c: 41:         sec = 0;
  1678     01D5  01BF               	clrf	_sec
  1679                           
  1680                           ;micro_oven.c: 42:         min = 0;
  1681     01D6  01BE               	clrf	_min
  1682                           
  1683                           ;micro_oven.c: 43:         key = 0;
  1684     01D7  01AD               	clrf	set_time@key
  1685                           
  1686                           ;micro_oven.c: 44:         key_count = 0;
  1687     01D8  01BB               	clrf	set_time@key_count
  1688                           
  1689                           ;micro_oven.c: 45:         blink_pos = 0;
  1690     01D9  01BC               	clrf	set_time@blink_pos
  1691     01DA                     l2353:
  1692                           
  1693                           ;micro_oven.c: 48:     clcd_print("SET TIME (MM:SS)",(0x80 + 0));
  1694     01DA  3001               	movlw	(low ((STR_8-__stringbase)| (0+32768)))& (0+255)
  1695     01DB  00F6               	movwf	clcd_print@str
  1696     01DC  3080               	movlw	128
  1697     01DD  00F7               	movwf	clcd_print@addr
  1698     01DE  120A  158A  264B  120A  118A  	fcall	_clcd_print
  1699     01E3                     l2355:
  1700                           
  1701                           ;micro_oven.c: 49:     clcd_print("TIME:",(0xC0 + 0));
  1702     01E3  30DA               	movlw	(low ((STR_9-__stringbase)| (0+32768)))& (0+255)
  1703     01E4  00F6               	movwf	clcd_print@str
  1704     01E5  30C0               	movlw	192
  1705     01E6  00F7               	movwf	clcd_print@addr
  1706     01E7  120A  158A  264B  120A  118A  	fcall	_clcd_print
  1707     01EC                     l2357:
  1708                           
  1709                           ;micro_oven.c: 50:     clcd_putch(':',(0xC0 + 7));
  1710     01EC  30C7               	movlw	199
  1711     01ED  1283               	bcf	3,5	;RP0=0, select bank0
  1712     01EE  1303               	bcf	3,6	;RP1=0, select bank0
  1713     01EF  00A8               	movwf	clcd_putch@addr
  1714     01F0  303A               	movlw	58
  1715     01F1  120A  158A  2613  120A  118A  	fcall	_clcd_putch
  1716     01F6                     l2359:
  1717                           
  1718                           ;micro_oven.c: 52:     clcd_print("*:CLEAR  #:ENTER",(0xD0 + 0));
  1719     01F6  3012               	movlw	(low ((STR_10-__stringbase)| (0+32768)))& (0+255)
  1720     01F7  00F6               	movwf	clcd_print@str
  1721     01F8  30D0               	movlw	208
  1722     01F9  00F7               	movwf	clcd_print@addr
  1723     01FA  120A  158A  264B  120A  118A  	fcall	_clcd_print
  1724     01FF                     l2361:
  1725                           
  1726                           ;micro_oven.c: 56:     if(key != '*' && key != '#' && key != 0xFF){
  1727     01FF  302A               	movlw	42
  1728     0200  1283               	bcf	3,5	;RP0=0, select bank0
  1729     0201  1303               	bcf	3,6	;RP1=0, select bank0
  1730     0202  062D               	xorwf	set_time@key,w
  1731     0203  1903               	btfsc	3,2
  1732     0204  2A06               	goto	u2431
  1733     0205  2A07               	goto	u2430
  1734     0206                     u2431:
  1735     0206  2A3D               	goto	l2381
  1736     0207                     u2430:
  1737     0207                     l2363:
  1738     0207  3023               	movlw	35
  1739     0208  062D               	xorwf	set_time@key,w
  1740     0209  1903               	btfsc	3,2
  1741     020A  2A0C               	goto	u2441
  1742     020B  2A0D               	goto	u2440
  1743     020C                     u2441:
  1744     020C  2A3D               	goto	l2381
  1745     020D                     u2440:
  1746     020D                     l2365:
  1747     020D  0A2D               	incf	set_time@key,w
  1748     020E  1903               	btfsc	3,2
  1749     020F  2A11               	goto	u2451
  1750     0210  2A12               	goto	u2450
  1751     0211                     u2451:
  1752     0211  2A3D               	goto	l2381
  1753     0212                     u2450:
  1754     0212                     l2367:
  1755                           
  1756                           ;micro_oven.c: 58:         key_count++;
  1757     0212  3001               	movlw	1
  1758     0213  07BB               	addwf	set_time@key_count,f
  1759     0214                     l2369:
  1760                           
  1761                           ;micro_oven.c: 59:         if(key_count <= 3){
  1762     0214  3004               	movlw	4
  1763     0215  023B               	subwf	set_time@key_count,w
  1764     0216  1803               	skipnc
  1765     0217  2A19               	goto	u2461
  1766     0218  2A1A               	goto	u2460
  1767     0219                     u2461:
  1768     0219  2A28               	goto	l2375
  1769     021A                     u2460:
  1770     021A                     l2371:
  1771                           
  1772                           ;micro_oven.c: 60:             sec = sec*10 + key;
  1773     021A  300A               	movlw	10
  1774     021B  00F2               	movwf	___bmul@multiplicand
  1775     021C  083F               	movf	_sec,w
  1776     021D  120A  118A  27ED  120A  118A  	fcall	___bmul
  1777     0222  1283               	bcf	3,5	;RP0=0, select bank0
  1778     0223  1303               	bcf	3,6	;RP1=0, select bank0
  1779     0224  072D               	addwf	set_time@key,w
  1780     0225  00BF               	movwf	_sec
  1781     0226                     l2373:
  1782                           
  1783                           ;micro_oven.c: 61:             blink_pos = 0;
  1784     0226  01BC               	clrf	set_time@blink_pos
  1785                           
  1786                           ;micro_oven.c: 62:         }
  1787     0227  2A65               	goto	l2403
  1788     0228                     l2375:
  1789     0228  3006               	movlw	6
  1790     0229  023B               	subwf	set_time@key_count,w
  1791     022A  1803               	skipnc
  1792     022B  2A2D               	goto	u2471
  1793     022C  2A2E               	goto	u2470
  1794     022D                     u2471:
  1795     022D  2A65               	goto	l2403
  1796     022E                     u2470:
  1797     022E                     l2377:
  1798                           
  1799                           ;micro_oven.c: 64:             min = min*10 + key;
  1800     022E  300A               	movlw	10
  1801     022F  00F2               	movwf	___bmul@multiplicand
  1802     0230  083E               	movf	_min,w
  1803     0231  120A  118A  27ED  120A  118A  	fcall	___bmul
  1804     0236  1283               	bcf	3,5	;RP0=0, select bank0
  1805     0237  1303               	bcf	3,6	;RP1=0, select bank0
  1806     0238  072D               	addwf	set_time@key,w
  1807     0239  00BE               	movwf	_min
  1808     023A                     l2379:
  1809                           
  1810                           ;micro_oven.c: 65:             blink_pos = 1;
  1811     023A  3001               	movlw	1
  1812     023B  00BC               	movwf	set_time@blink_pos
  1813     023C  2A65               	goto	l2403
  1814     023D                     l2381:
  1815     023D  302A               	movlw	42
  1816     023E  062D               	xorwf	set_time@key,w
  1817     023F  1D03               	btfss	3,2
  1818     0240  2A42               	goto	u2481
  1819     0241  2A43               	goto	u2480
  1820     0242                     u2481:
  1821     0242  2A54               	goto	l2393
  1822     0243                     u2480:
  1823     0243                     l2383:
  1824                           
  1825                           ;micro_oven.c: 70:         if(blink_pos == 0){
  1826     0243  083C               	movf	set_time@blink_pos,w
  1827     0244  1D03               	btfss	3,2
  1828     0245  2A47               	goto	u2491
  1829     0246  2A48               	goto	u2490
  1830     0247                     u2491:
  1831     0247  2A4B               	goto	l2387
  1832     0248                     u2490:
  1833     0248                     l2385:
  1834                           
  1835                           ;micro_oven.c: 71:             sec = 0;
  1836     0248  01BF               	clrf	_sec
  1837                           
  1838                           ;micro_oven.c: 72:             key_count = 0;
  1839     0249  01BB               	clrf	set_time@key_count
  1840                           
  1841                           ;micro_oven.c: 73:         }
  1842     024A  2A65               	goto	l2403
  1843     024B                     l2387:
  1844     024B  033C               	decf	set_time@blink_pos,w
  1845     024C  1D03               	btfss	3,2
  1846     024D  2A4F               	goto	u2501
  1847     024E  2A50               	goto	u2500
  1848     024F                     u2501:
  1849     024F  2A65               	goto	l2403
  1850     0250                     u2500:
  1851     0250                     l2389:
  1852                           
  1853                           ;micro_oven.c: 75:             min = 0;
  1854     0250  01BE               	clrf	_min
  1855     0251                     l2391:
  1856                           
  1857                           ;micro_oven.c: 76:             key_count = 2;
  1858     0251  3002               	movlw	2
  1859     0252  00BB               	movwf	set_time@key_count
  1860     0253  2A65               	goto	l2403
  1861     0254                     l2393:
  1862     0254  3023               	movlw	35
  1863     0255  062D               	xorwf	set_time@key,w
  1864     0256  1D03               	btfss	3,2
  1865     0257  2A59               	goto	u2511
  1866     0258  2A5A               	goto	u2510
  1867     0259                     u2511:
  1868     0259  2A65               	goto	l2403
  1869     025A                     u2510:
  1870     025A                     l2395:
  1871                           
  1872                           ;micro_oven.c: 81:         clear_screen();
  1873     025A  120A  158A  2602  120A  118A  	fcall	_clear_screen
  1874     025F                     l2397:
  1875                           
  1876                           ;micro_oven.c: 82:         RC2 = 1;
  1877     025F  1283               	bcf	3,5	;RP0=0, select bank0
  1878     0260  1303               	bcf	3,6	;RP1=0, select bank0
  1879     0261  1507               	bsf	7,2	;volatile
  1880     0262                     l2399:
  1881                           
  1882                           ;micro_oven.c: 83:         TMR2ON = 1;
  1883     0262  1512               	bsf	18,2	;volatile
  1884     0263                     l2401:
  1885                           
  1886                           ;micro_oven.c: 84:         screen_flag = 0x70;
  1887     0263  3070               	movlw	112
  1888     0264  00C0               	movwf	_screen_flag
  1889     0265                     l2403:
  1890                           
  1891                           ;micro_oven.c: 87:     if(delay++ == 2){
  1892     0265  3001               	movlw	1
  1893     0266  07BA               	addwf	set_time@delay,f
  1894     0267  3003               	movlw	3
  1895     0268  063A               	xorwf	set_time@delay,w
  1896     0269  1D03               	btfss	3,2
  1897     026A  2A6C               	goto	u2521
  1898     026B  2A6D               	goto	u2520
  1899     026C                     u2521:
  1900     026C  2A76               	goto	l2409
  1901     026D                     u2520:
  1902     026D                     l2405:
  1903                           
  1904                           ;micro_oven.c: 88:         delay = 0;
  1905     026D  01BA               	clrf	set_time@delay
  1906     026E                     l2407:
  1907                           
  1908                           ;micro_oven.c: 89:         display_blank = !display_blank;
  1909     026E  0839               	movf	set_time@display_blank,w
  1910     026F  1903               	btfsc	3,2
  1911     0270  2A72               	goto	u2531
  1912     0271  2A74               	goto	u2530
  1913     0272                     u2531:
  1914     0272  3001               	movlw	1
  1915     0273  2A75               	goto	u2540
  1916     0274                     u2530:
  1917     0274  3000               	movlw	0
  1918     0275                     u2540:
  1919     0275  00B9               	movwf	set_time@display_blank
  1920     0276                     l2409:
  1921                           
  1922                           ;micro_oven.c: 91:     if(display_blank){
  1923     0276  0839               	movf	set_time@display_blank,w
  1924     0277  1903               	btfsc	3,2
  1925     0278  2A7A               	goto	u2551
  1926     0279  2A7B               	goto	u2550
  1927     027A                     u2551:
  1928     027A  2AA6               	goto	l2417
  1929     027B                     u2550:
  1930     027B                     l2411:
  1931                           
  1932                           ;micro_oven.c: 92:         if (blink_pos ==0){
  1933     027B  083C               	movf	set_time@blink_pos,w
  1934     027C  1D03               	btfss	3,2
  1935     027D  2A7F               	goto	u2561
  1936     027E  2A80               	goto	u2560
  1937     027F                     u2561:
  1938     027F  2A93               	goto	l2415
  1939     0280                     u2560:
  1940     0280                     l2413:
  1941                           
  1942                           ;micro_oven.c: 93:             clcd_putch(' ',(0xC0 + 8));
  1943     0280  30C8               	movlw	200
  1944     0281  00A8               	movwf	clcd_putch@addr
  1945     0282  3020               	movlw	32
  1946     0283  120A  158A  2613  120A  118A  	fcall	_clcd_putch
  1947                           
  1948                           ;micro_oven.c: 94:             clcd_putch(' ',(0xC0 + 9));
  1949     0288  30C9               	movlw	201
  1950     0289  1283               	bcf	3,5	;RP0=0, select bank0
  1951     028A  1303               	bcf	3,6	;RP1=0, select bank0
  1952     028B  00A8               	movwf	clcd_putch@addr
  1953     028C  3020               	movlw	32
  1954     028D  120A  158A  2613  120A  118A  	fcall	_clcd_putch
  1955                           
  1956                           ;micro_oven.c: 95:         }
  1957     0292  2B14               	goto	l256
  1958     0293                     l2415:
  1959                           
  1960                           ;micro_oven.c: 97:             clcd_putch(' ',(0xC0 + 5));
  1961     0293  30C5               	movlw	197
  1962     0294  00A8               	movwf	clcd_putch@addr
  1963     0295  3020               	movlw	32
  1964     0296  120A  158A  2613  120A  118A  	fcall	_clcd_putch
  1965                           
  1966                           ;micro_oven.c: 98:             clcd_putch(' ',(0xC0 + 6));
  1967     029B  30C6               	movlw	198
  1968     029C  1283               	bcf	3,5	;RP0=0, select bank0
  1969     029D  1303               	bcf	3,6	;RP1=0, select bank0
  1970     029E  00A8               	movwf	clcd_putch@addr
  1971     029F  3020               	movlw	32
  1972     02A0  120A  158A  2613  120A  118A  	fcall	_clcd_putch
  1973     02A5  2B14               	goto	l256
  1974     02A6                     l2417:
  1975                           
  1976                           ;micro_oven.c: 102:         clcd_putch( sec / 10 + '0',(0xC0 + 8));
  1977     02A6  30C8               	movlw	200
  1978     02A7  00A8               	movwf	clcd_putch@addr
  1979     02A8  300A               	movlw	10
  1980     02A9  00F2               	movwf	___awdiv@divisor
  1981     02AA  3000               	movlw	0
  1982     02AB  00F3               	movwf	___awdiv@divisor+1
  1983     02AC  083F               	movf	_sec,w
  1984     02AD  00AB               	movwf	??_set_time
  1985     02AE  01AC               	clrf	??_set_time+1
  1986     02AF  082B               	movf	??_set_time,w
  1987     02B0  00F4               	movwf	___awdiv@dividend
  1988     02B1  082C               	movf	??_set_time+1,w
  1989     02B2  00F5               	movwf	___awdiv@dividend+1
  1990     02B3  120A  118A  2421  120A  118A  	fcall	___awdiv
  1991     02B8  0872               	movf	?___awdiv,w
  1992     02B9  3E30               	addlw	48
  1993     02BA  120A  158A  2613  120A  118A  	fcall	_clcd_putch
  1994                           
  1995                           ;micro_oven.c: 103:         clcd_putch( sec % 10 + '0',(0xC0 + 9));
  1996     02BF  30C9               	movlw	201
  1997     02C0  1283               	bcf	3,5	;RP0=0, select bank0
  1998     02C1  1303               	bcf	3,6	;RP1=0, select bank0
  1999     02C2  00A8               	movwf	clcd_putch@addr
  2000     02C3  300A               	movlw	10
  2001     02C4  00A4               	movwf	___awmod@divisor
  2002     02C5  3000               	movlw	0
  2003     02C6  00A5               	movwf	___awmod@divisor+1
  2004     02C7  083F               	movf	_sec,w
  2005     02C8  00AB               	movwf	??_set_time
  2006     02C9  01AC               	clrf	??_set_time+1
  2007     02CA  082B               	movf	??_set_time,w
  2008     02CB  00A6               	movwf	___awmod@dividend
  2009     02CC  082C               	movf	??_set_time+1,w
  2010     02CD  00A7               	movwf	___awmod@dividend+1
  2011     02CE  120A  158A  27A7  120A  118A  	fcall	___awmod
  2012     02D3  1283               	bcf	3,5	;RP0=0, select bank0
  2013     02D4  1303               	bcf	3,6	;RP1=0, select bank0
  2014     02D5  0824               	movf	?___awmod,w
  2015     02D6  3E30               	addlw	48
  2016     02D7  120A  158A  2613  120A  118A  	fcall	_clcd_putch
  2017                           
  2018                           ;micro_oven.c: 104:         clcd_putch( min / 10 + '0',(0xC0 + 5));
  2019     02DC  30C5               	movlw	197
  2020     02DD  1283               	bcf	3,5	;RP0=0, select bank0
  2021     02DE  1303               	bcf	3,6	;RP1=0, select bank0
  2022     02DF  00A8               	movwf	clcd_putch@addr
  2023     02E0  300A               	movlw	10
  2024     02E1  00F2               	movwf	___awdiv@divisor
  2025     02E2  3000               	movlw	0
  2026     02E3  00F3               	movwf	___awdiv@divisor+1
  2027     02E4  083E               	movf	_min,w
  2028     02E5  00AB               	movwf	??_set_time
  2029     02E6  01AC               	clrf	??_set_time+1
  2030     02E7  082B               	movf	??_set_time,w
  2031     02E8  00F4               	movwf	___awdiv@dividend
  2032     02E9  082C               	movf	??_set_time+1,w
  2033     02EA  00F5               	movwf	___awdiv@dividend+1
  2034     02EB  120A  118A  2421  120A  118A  	fcall	___awdiv
  2035     02F0  0872               	movf	?___awdiv,w
  2036     02F1  3E30               	addlw	48
  2037     02F2  120A  158A  2613  120A  118A  	fcall	_clcd_putch
  2038                           
  2039                           ;micro_oven.c: 105:         clcd_putch( min % 10 + '0',(0xC0 + 6));
  2040     02F7  30C6               	movlw	198
  2041     02F8  1283               	bcf	3,5	;RP0=0, select bank0
  2042     02F9  1303               	bcf	3,6	;RP1=0, select bank0
  2043     02FA  00A8               	movwf	clcd_putch@addr
  2044     02FB  300A               	movlw	10
  2045     02FC  00A4               	movwf	___awmod@divisor
  2046     02FD  3000               	movlw	0
  2047     02FE  00A5               	movwf	___awmod@divisor+1
  2048     02FF  083E               	movf	_min,w
  2049     0300  00AB               	movwf	??_set_time
  2050     0301  01AC               	clrf	??_set_time+1
  2051     0302  082B               	movf	??_set_time,w
  2052     0303  00A6               	movwf	___awmod@dividend
  2053     0304  082C               	movf	??_set_time+1,w
  2054     0305  00A7               	movwf	___awmod@dividend+1
  2055     0306  120A  158A  27A7  120A  118A  	fcall	___awmod
  2056     030B  1283               	bcf	3,5	;RP0=0, select bank0
  2057     030C  1303               	bcf	3,6	;RP1=0, select bank0
  2058     030D  0824               	movf	?___awmod,w
  2059     030E  3E30               	addlw	48
  2060     030F  120A  158A  2613  120A  118A  	fcall	_clcd_putch
  2061     0314                     l256:
  2062     0314  0008               	return
  2063     0315                     __end_of_set_time:
  2064                           
  2065                           	psect	text2
  2066     07ED                     __ptext2:	
  2067 ;; *************** function ___bmul *****************
  2068 ;; Defined at:
  2069 ;;		line 4 in file "C:\Program Files\Microchip\xc8\v3.10\pic\sources\c99\common\Umul8.c"
  2070 ;; Parameters:    Size  Location     Type
  2071 ;;  multiplier      1    wreg     unsigned char 
  2072 ;;  multiplicand    1    2[COMMON] unsigned char 
  2073 ;; Auto vars:     Size  Location     Type
  2074 ;;  multiplier      1    4[COMMON] unsigned char 
  2075 ;;  product         1    3[COMMON] unsigned char 
  2076 ;; Return value:  Size  Location     Type
  2077 ;;                  1    wreg      unsigned char 
  2078 ;; Registers used:
  2079 ;;		wreg, status,2, status,0
  2080 ;; Tracked objects:
  2081 ;;		On entry : 0/0
  2082 ;;		On exit  : 0/0
  2083 ;;		Unchanged: 0/0
  2084 ;; Data sizes:     COMMON   BANK0   BANK1   BANK3   BANK2
  2085 ;;      Params:         1       0       0       0       0
  2086 ;;      Locals:         2       0       0       0       0
  2087 ;;      Temps:          0       0       0       0       0
  2088 ;;      Totals:         3       0       0       0       0
  2089 ;;Total ram usage:        3 bytes
  2090 ;; Hardware stack levels used: 1
  2091 ;; Hardware stack levels required when called: 1
  2092 ;; This function calls:
  2093 ;;		Nothing
  2094 ;; This function is called by:
  2095 ;;		_set_time
  2096 ;; This function uses a non-reentrant model
  2097 ;;
  2098                           
  2099     07ED                     ___bmul:	
  2100                           ;psect for function ___bmul
  2101                           
  2102                           
  2103                           ;incstack = 0
  2104                           ; Regs used in ___bmul: [wreg+status,2+status,0]
  2105                           ;___bmul@multiplier stored from wreg
  2106     07ED  00F4               	movwf	___bmul@multiplier
  2107     07EE                     l2231:
  2108     07EE  01F3               	clrf	___bmul@product
  2109     07EF                     l2233:
  2110     07EF  1C74               	btfss	___bmul@multiplier,0
  2111     07F0  2FF2               	goto	u2151
  2112     07F1  2FF3               	goto	u2150
  2113     07F2                     u2151:
  2114     07F2  2FF5               	goto	l2237
  2115     07F3                     u2150:
  2116     07F3                     l2235:
  2117     07F3  0872               	movf	___bmul@multiplicand,w
  2118     07F4  07F3               	addwf	___bmul@product,f
  2119     07F5                     l2237:
  2120     07F5  1003               	clrc
  2121     07F6  0DF2               	rlf	___bmul@multiplicand,f
  2122     07F7                     l2239:
  2123     07F7  1003               	clrc
  2124     07F8  0CF4               	rrf	___bmul@multiplier,f
  2125     07F9  0874               	movf	___bmul@multiplier,w
  2126     07FA  1D03               	btfss	3,2
  2127     07FB  2FFD               	goto	u2161
  2128     07FC  2FFE               	goto	u2160
  2129     07FD                     u2161:
  2130     07FD  2FEF               	goto	l2233
  2131     07FE                     u2160:
  2132     07FE                     l2241:
  2133     07FE  0873               	movf	___bmul@product,w
  2134     07FF                     l419:
  2135     07FF  0008               	return
  2136     0800                     __end_of___bmul:
  2137                           
  2138                           	psect	text3
  2139     002D                     __ptext3:	
  2140 ;; *************** function _set_temp *****************
  2141 ;; Defined at:
  2142 ;;		line 135 in file "micro_oven.c"
  2143 ;; Parameters:    Size  Location     Type
  2144 ;;  key             1    wreg     unsigned char 
  2145 ;;  reset_flag      1   10[BANK0 ] unsigned char 
  2146 ;; Auto vars:     Size  Location     Type
  2147 ;;  key             1   13[BANK0 ] unsigned char 
  2148 ;; Return value:  Size  Location     Type
  2149 ;;                  1    wreg      void 
  2150 ;; Registers used:
  2151 ;;		wreg, fsr0l, fsr0h, status,2, status,0, pclath, cstack
  2152 ;; Tracked objects:
  2153 ;;		On entry : 0/0
  2154 ;;		On exit  : 0/0
  2155 ;;		Unchanged: 0/0
  2156 ;; Data sizes:     COMMON   BANK0   BANK1   BANK3   BANK2
  2157 ;;      Params:         0       1       0       0       0
  2158 ;;      Locals:         0       1       0       0       0
  2159 ;;      Temps:          0       2       0       0       0
  2160 ;;      Totals:         0       4       0       0       0
  2161 ;;Total ram usage:        4 bytes
  2162 ;; Hardware stack levels used: 1
  2163 ;; Hardware stack levels required when called: 2
  2164 ;; This function calls:
  2165 ;;		___awdiv
  2166 ;;		___awmod
  2167 ;;		___lwdiv
  2168 ;;		___lwmod
  2169 ;;		___wmul
  2170 ;;		_clcd_print
  2171 ;;		_clcd_putch
  2172 ;;		_clear_screen
  2173 ;; This function is called by:
  2174 ;;		_main
  2175 ;; This function uses a non-reentrant model
  2176 ;;
  2177                           
  2178     002D                     _set_temp:	
  2179                           ;psect for function _set_temp
  2180                           
  2181                           
  2182                           ;incstack = 0
  2183                           ; Regs used in _set_temp: [wreg-fsr0h+status,2+status,0+pclath+cstack]
  2184                           ;set_temp@key stored from wreg
  2185     002D  1283               	bcf	3,5	;RP0=0, select bank0
  2186     002E  1303               	bcf	3,6	;RP1=0, select bank0
  2187     002F  00AD               	movwf	set_temp@key
  2188     0030                     l2459:
  2189                           
  2190                           ;micro_oven.c: 136:     static unsigned char key_count = 0;;micro_oven.c: 137:     stati
      +                          c unsigned char delay,display_blank;;micro_oven.c: 138:     if(reset_flag == 0x31 ){
  2191     0030  3031               	movlw	49
  2192     0031  062A               	xorwf	set_temp@reset_flag,w
  2193     0032  1D03               	btfss	3,2
  2194     0033  2835               	goto	u2591
  2195     0034  2836               	goto	u2590
  2196     0035                     u2591:
  2197     0035  283A               	goto	l2463
  2198     0036                     u2590:
  2199     0036                     l2461:
  2200                           
  2201                           ;micro_oven.c: 139:         temp = 0;
  2202     0036  01B4               	clrf	_temp
  2203     0037  01B5               	clrf	_temp+1
  2204                           
  2205                           ;micro_oven.c: 140:         key = 0;
  2206     0038  01AD               	clrf	set_temp@key
  2207                           
  2208                           ;micro_oven.c: 141:         key_count = 0;
  2209     0039  01B8               	clrf	set_temp@key_count
  2210     003A                     l2463:
  2211                           
  2212                           ;micro_oven.c: 144:      if(delay++ == 2){
  2213     003A  3001               	movlw	1
  2214     003B  07B7               	addwf	set_temp@delay,f
  2215     003C  3003               	movlw	3
  2216     003D  0637               	xorwf	set_temp@delay,w
  2217     003E  1D03               	btfss	3,2
  2218     003F  2841               	goto	u2601
  2219     0040  2842               	goto	u2600
  2220     0041                     u2601:
  2221     0041  284B               	goto	l2469
  2222     0042                     u2600:
  2223     0042                     l2465:
  2224                           
  2225                           ;micro_oven.c: 145:         delay = 0;
  2226     0042  01B7               	clrf	set_temp@delay
  2227     0043                     l2467:
  2228                           
  2229                           ;micro_oven.c: 146:         display_blank = !display_blank;
  2230     0043  0836               	movf	set_temp@display_blank,w
  2231     0044  1903               	btfsc	3,2
  2232     0045  2847               	goto	u2611
  2233     0046  2849               	goto	u2610
  2234     0047                     u2611:
  2235     0047  3001               	movlw	1
  2236     0048  284A               	goto	u2620
  2237     0049                     u2610:
  2238     0049  3000               	movlw	0
  2239     004A                     u2620:
  2240     004A  00B6               	movwf	set_temp@display_blank
  2241     004B                     l2469:
  2242                           
  2243                           ;micro_oven.c: 149:     clcd_print("SET TEMP <*C>",(0x80 + 0));
  2244     004B  3051               	movlw	(low ((STR_17-__stringbase)| (0+32768)))& (0+255)
  2245     004C  00F6               	movwf	clcd_print@str
  2246     004D  3080               	movlw	128
  2247     004E  00F7               	movwf	clcd_print@addr
  2248     004F  120A  158A  264B  120A  118A  	fcall	_clcd_print
  2249     0054                     l2471:
  2250                           
  2251                           ;micro_oven.c: 150:     clcd_print("TEMP:",(0xC0 + 0));
  2252     0054  30E0               	movlw	(low ((STR_18-__stringbase)| (0+32768)))& (0+255)
  2253     0055  00F6               	movwf	clcd_print@str
  2254     0056  30C0               	movlw	192
  2255     0057  00F7               	movwf	clcd_print@addr
  2256     0058  120A  158A  264B  120A  118A  	fcall	_clcd_print
  2257     005D                     l2473:
  2258                           
  2259                           ;micro_oven.c: 151:     clcd_print("*:CLEAR  #:ENTER",(0xD0 + 0));
  2260     005D  3012               	movlw	(low ((STR_10-__stringbase)| (0+32768)))& (0+255)
  2261     005E  00F6               	movwf	clcd_print@str
  2262     005F  30D0               	movlw	208
  2263     0060  00F7               	movwf	clcd_print@addr
  2264     0061  120A  158A  264B  120A  118A  	fcall	_clcd_print
  2265     0066                     l2475:
  2266                           
  2267                           ;micro_oven.c: 153:     if(key != '*' && key != '#' && key != 0xFF){
  2268     0066  302A               	movlw	42
  2269     0067  1283               	bcf	3,5	;RP0=0, select bank0
  2270     0068  1303               	bcf	3,6	;RP1=0, select bank0
  2271     0069  062D               	xorwf	set_temp@key,w
  2272     006A  1903               	btfsc	3,2
  2273     006B  286D               	goto	u2631
  2274     006C  286E               	goto	u2630
  2275     006D                     u2631:
  2276     006D  2899               	goto	l2487
  2277     006E                     u2630:
  2278     006E                     l2477:
  2279     006E  3023               	movlw	35
  2280     006F  062D               	xorwf	set_temp@key,w
  2281     0070  1903               	btfsc	3,2
  2282     0071  2873               	goto	u2641
  2283     0072  2874               	goto	u2640
  2284     0073                     u2641:
  2285     0073  2899               	goto	l2487
  2286     0074                     u2640:
  2287     0074                     l2479:
  2288     0074  0A2D               	incf	set_temp@key,w
  2289     0075  1903               	btfsc	3,2
  2290     0076  2878               	goto	u2651
  2291     0077  2879               	goto	u2650
  2292     0078                     u2651:
  2293     0078  2899               	goto	l2487
  2294     0079                     u2650:
  2295     0079                     l2481:
  2296                           
  2297                           ;micro_oven.c: 155:         key_count++;
  2298     0079  3001               	movlw	1
  2299     007A  07B8               	addwf	set_temp@key_count,f
  2300     007B                     l2483:
  2301                           
  2302                           ;micro_oven.c: 156:         if(key_count <= 4){
  2303     007B  3005               	movlw	5
  2304     007C  0238               	subwf	set_temp@key_count,w
  2305     007D  1803               	skipnc
  2306     007E  2880               	goto	u2661
  2307     007F  2881               	goto	u2660
  2308     0080                     u2661:
  2309     0080  2950               	goto	l2519
  2310     0081                     u2660:
  2311     0081                     l2485:
  2312                           
  2313                           ;micro_oven.c: 157:             temp = temp*10 + key;
  2314     0081  0835               	movf	_temp+1,w
  2315     0082  00F3               	movwf	___wmul@multiplier+1
  2316     0083  0834               	movf	_temp,w
  2317     0084  00F2               	movwf	___wmul@multiplier
  2318     0085  300A               	movlw	10
  2319     0086  00F4               	movwf	___wmul@multiplicand
  2320     0087  3000               	movlw	0
  2321     0088  00F5               	movwf	___wmul@multiplicand+1
  2322     0089  120A  158A  2695  120A  118A  	fcall	___wmul
  2323     008E  1283               	bcf	3,5	;RP0=0, select bank0
  2324     008F  1303               	bcf	3,6	;RP1=0, select bank0
  2325     0090  082D               	movf	set_temp@key,w
  2326     0091  0772               	addwf	?___wmul,w
  2327     0092  00B4               	movwf	_temp
  2328     0093  3000               	movlw	0
  2329     0094  1803               	skipnc
  2330     0095  3001               	movlw	1
  2331     0096  0773               	addwf	?___wmul+1,w
  2332     0097  00B5               	movwf	_temp+1
  2333     0098  2950               	goto	l2519
  2334     0099                     l2487:
  2335     0099  302A               	movlw	42
  2336     009A  062D               	xorwf	set_temp@key,w
  2337     009B  1D03               	btfss	3,2
  2338     009C  289E               	goto	u2671
  2339     009D  289F               	goto	u2670
  2340     009E                     u2671:
  2341     009E  28A3               	goto	l2491
  2342     009F                     u2670:
  2343     009F                     l2489:
  2344                           
  2345                           ;micro_oven.c: 161:         temp = 0;
  2346     009F  01B4               	clrf	_temp
  2347     00A0  01B5               	clrf	_temp+1
  2348                           
  2349                           ;micro_oven.c: 162:         key_count = 0;
  2350     00A1  01B8               	clrf	set_temp@key_count
  2351                           
  2352                           ;micro_oven.c: 163:     }
  2353     00A2  2950               	goto	l2519
  2354     00A3                     l2491:
  2355     00A3  3023               	movlw	35
  2356     00A4  062D               	xorwf	set_temp@key,w
  2357     00A5  1D03               	btfss	3,2
  2358     00A6  28A8               	goto	u2681
  2359     00A7  28A9               	goto	u2680
  2360     00A8                     u2681:
  2361     00A8  2950               	goto	l2519
  2362     00A9                     u2680:
  2363     00A9                     l2493:
  2364                           
  2365                           ;micro_oven.c: 165:         if(temp > 180){
  2366     00A9  3000               	movlw	0
  2367     00AA  0235               	subwf	_temp+1,w
  2368     00AB  30B5               	movlw	181
  2369     00AC  1903               	skipnz
  2370     00AD  0234               	subwf	_temp,w
  2371     00AE  1C03               	skipc
  2372     00AF  28B1               	goto	u2691
  2373     00B0  28B2               	goto	u2690
  2374     00B1                     u2691:
  2375     00B1  28B6               	goto	l2497
  2376     00B2                     u2690:
  2377     00B2                     l2495:
  2378                           
  2379                           ;micro_oven.c: 166:             temp = 180;
  2380     00B2  30B4               	movlw	180
  2381     00B3  00B4               	movwf	_temp
  2382     00B4  3000               	movlw	0
  2383     00B5  00B5               	movwf	_temp+1
  2384     00B6                     l2497:
  2385                           
  2386                           ;micro_oven.c: 168:         clear_screen();
  2387     00B6  120A  158A  2602  120A  118A  	fcall	_clear_screen
  2388     00BB                     l2499:
  2389                           
  2390                           ;micro_oven.c: 170:         pre_heat = 60;
  2391     00BB  303C               	movlw	60
  2392     00BC  1283               	bcf	3,5	;RP0=0, select bank0
  2393     00BD  1303               	bcf	3,6	;RP1=0, select bank0
  2394     00BE  00BD               	movwf	_pre_heat
  2395     00BF                     l2501:
  2396                           
  2397                           ;micro_oven.c: 172:         TMR2ON =1;
  2398     00BF  1512               	bsf	18,2	;volatile
  2399     00C0                     l2503:
  2400                           
  2401                           ;micro_oven.c: 173:         clcd_print("Pre-Heating",(0x80 + 3));
  2402     00C0  3086               	movlw	(low ((STR_20-__stringbase)| (0+32768)))& (0+255)
  2403     00C1  00F6               	movwf	clcd_print@str
  2404     00C2  3083               	movlw	131
  2405     00C3  00F7               	movwf	clcd_print@addr
  2406     00C4  120A  158A  264B  120A  118A  	fcall	_clcd_print
  2407     00C9                     l2505:
  2408                           
  2409                           ;micro_oven.c: 174:         clcd_print("Time Rem:",(0x90 + 0));
  2410     00C9  309D               	movlw	(low ((STR_21-__stringbase)| (0+32768)))& (0+255)
  2411     00CA  00F6               	movwf	clcd_print@str
  2412     00CB  3090               	movlw	144
  2413     00CC  00F7               	movwf	clcd_print@addr
  2414     00CD  120A  158A  264B  120A  118A  	fcall	_clcd_print
  2415     00D2                     l2507:
  2416                           
  2417                           ;micro_oven.c: 175:         clcd_putch('s',(0x90 + 12));
  2418     00D2  309C               	movlw	156
  2419     00D3  1283               	bcf	3,5	;RP0=0, select bank0
  2420     00D4  1303               	bcf	3,6	;RP1=0, select bank0
  2421     00D5  00A8               	movwf	clcd_putch@addr
  2422     00D6  3073               	movlw	115
  2423     00D7  120A  158A  2613  120A  118A  	fcall	_clcd_putch
  2424                           
  2425                           ;micro_oven.c: 176:         while(pre_heat){
  2426     00DC  293F               	goto	l2511
  2427     00DD                     l2509:
  2428                           
  2429                           ;micro_oven.c: 177:         clcd_putch(pre_heat / 100 + '0',(0x90 + 9));
  2430     00DD  3099               	movlw	153
  2431     00DE  00A8               	movwf	clcd_putch@addr
  2432     00DF  3064               	movlw	100
  2433     00E0  00F2               	movwf	___awdiv@divisor
  2434     00E1  3000               	movlw	0
  2435     00E2  00F3               	movwf	___awdiv@divisor+1
  2436     00E3  083D               	movf	_pre_heat,w
  2437     00E4  00AB               	movwf	??_set_temp
  2438     00E5  01AC               	clrf	??_set_temp+1
  2439     00E6  082B               	movf	??_set_temp,w
  2440     00E7  00F4               	movwf	___awdiv@dividend
  2441     00E8  082C               	movf	??_set_temp+1,w
  2442     00E9  00F5               	movwf	___awdiv@dividend+1
  2443     00EA  120A  118A  2421  120A  118A  	fcall	___awdiv
  2444     00EF  0872               	movf	?___awdiv,w
  2445     00F0  3E30               	addlw	48
  2446     00F1  120A  158A  2613  120A  118A  	fcall	_clcd_putch
  2447                           
  2448                           ;micro_oven.c: 178:         clcd_putch((pre_heat/10) % 10 + '0',(0x90 + 10));
  2449     00F6  309A               	movlw	154
  2450     00F7  1283               	bcf	3,5	;RP0=0, select bank0
  2451     00F8  1303               	bcf	3,6	;RP1=0, select bank0
  2452     00F9  00A8               	movwf	clcd_putch@addr
  2453     00FA  300A               	movlw	10
  2454     00FB  00A4               	movwf	___awmod@divisor
  2455     00FC  3000               	movlw	0
  2456     00FD  00A5               	movwf	___awmod@divisor+1
  2457     00FE  300A               	movlw	10
  2458     00FF  00F2               	movwf	___awdiv@divisor
  2459     0100  3000               	movlw	0
  2460     0101  00F3               	movwf	___awdiv@divisor+1
  2461     0102  083D               	movf	_pre_heat,w
  2462     0103  00AB               	movwf	??_set_temp
  2463     0104  01AC               	clrf	??_set_temp+1
  2464     0105  082B               	movf	??_set_temp,w
  2465     0106  00F4               	movwf	___awdiv@dividend
  2466     0107  082C               	movf	??_set_temp+1,w
  2467     0108  00F5               	movwf	___awdiv@dividend+1
  2468     0109  120A  118A  2421  120A  118A  	fcall	___awdiv
  2469     010E  0873               	movf	?___awdiv+1,w
  2470     010F  1283               	bcf	3,5	;RP0=0, select bank0
  2471     0110  1303               	bcf	3,6	;RP1=0, select bank0
  2472     0111  00A7               	movwf	___awmod@dividend+1
  2473     0112  0872               	movf	?___awdiv,w
  2474     0113  00A6               	movwf	___awmod@dividend
  2475     0114  120A  158A  27A7  120A  118A  	fcall	___awmod
  2476     0119  1283               	bcf	3,5	;RP0=0, select bank0
  2477     011A  1303               	bcf	3,6	;RP1=0, select bank0
  2478     011B  0824               	movf	?___awmod,w
  2479     011C  3E30               	addlw	48
  2480     011D  120A  158A  2613  120A  118A  	fcall	_clcd_putch
  2481                           
  2482                           ;micro_oven.c: 179:         clcd_putch((pre_heat % 10) + '0',(0x90 + 11));
  2483     0122  309B               	movlw	155
  2484     0123  1283               	bcf	3,5	;RP0=0, select bank0
  2485     0124  1303               	bcf	3,6	;RP1=0, select bank0
  2486     0125  00A8               	movwf	clcd_putch@addr
  2487     0126  300A               	movlw	10
  2488     0127  00A4               	movwf	___awmod@divisor
  2489     0128  3000               	movlw	0
  2490     0129  00A5               	movwf	___awmod@divisor+1
  2491     012A  083D               	movf	_pre_heat,w
  2492     012B  00AB               	movwf	??_set_temp
  2493     012C  01AC               	clrf	??_set_temp+1
  2494     012D  082B               	movf	??_set_temp,w
  2495     012E  00A6               	movwf	___awmod@dividend
  2496     012F  082C               	movf	??_set_temp+1,w
  2497     0130  00A7               	movwf	___awmod@dividend+1
  2498     0131  120A  158A  27A7  120A  118A  	fcall	___awmod
  2499     0136  1283               	bcf	3,5	;RP0=0, select bank0
  2500     0137  1303               	bcf	3,6	;RP1=0, select bank0
  2501     0138  0824               	movf	?___awmod,w
  2502     0139  3E30               	addlw	48
  2503     013A  120A  158A  2613  120A  118A  	fcall	_clcd_putch
  2504     013F                     l2511:
  2505                           
  2506                           ;micro_oven.c: 176:         while(pre_heat){
  2507     013F  1283               	bcf	3,5	;RP0=0, select bank0
  2508     0140  1303               	bcf	3,6	;RP1=0, select bank0
  2509     0141  083D               	movf	_pre_heat,w
  2510     0142  1D03               	btfss	3,2
  2511     0143  2945               	goto	u2701
  2512     0144  2946               	goto	u2700
  2513     0145                     u2701:
  2514     0145  28DD               	goto	l2509
  2515     0146                     u2700:
  2516     0146                     l280:
  2517                           
  2518                           ;micro_oven.c: 182:         TMR2ON = 0;
  2519     0146  1112               	bcf	18,2	;volatile
  2520     0147                     l2513:
  2521                           
  2522                           ;micro_oven.c: 183:         clear_screen();
  2523     0147  120A  158A  2602  120A  118A  	fcall	_clear_screen
  2524     014C                     l2515:
  2525                           
  2526                           ;micro_oven.c: 184:         screen_flag = 0x30;
  2527     014C  3030               	movlw	48
  2528     014D  1283               	bcf	3,5	;RP0=0, select bank0
  2529     014E  1303               	bcf	3,6	;RP1=0, select bank0
  2530     014F  00C0               	movwf	_screen_flag
  2531     0150                     l2517:
  2532     0150                     l2519:
  2533                           
  2534                           ;micro_oven.c: 190:     if(display_blank){
  2535     0150  0836               	movf	set_temp@display_blank,w
  2536     0151  1903               	btfsc	3,2
  2537     0152  2954               	goto	u2711
  2538     0153  2955               	goto	u2710
  2539     0154                     u2711:
  2540     0154  2972               	goto	l2523
  2541     0155                     u2710:
  2542     0155                     l2521:
  2543                           
  2544                           ;micro_oven.c: 191:         clcd_putch(' ',(0xC0 + 7));
  2545     0155  30C7               	movlw	199
  2546     0156  00A8               	movwf	clcd_putch@addr
  2547     0157  3020               	movlw	32
  2548     0158  120A  158A  2613  120A  118A  	fcall	_clcd_putch
  2549                           
  2550                           ;micro_oven.c: 192:         clcd_putch(' ',(0xC0 + 8));
  2551     015D  30C8               	movlw	200
  2552     015E  1283               	bcf	3,5	;RP0=0, select bank0
  2553     015F  1303               	bcf	3,6	;RP1=0, select bank0
  2554     0160  00A8               	movwf	clcd_putch@addr
  2555     0161  3020               	movlw	32
  2556     0162  120A  158A  2613  120A  118A  	fcall	_clcd_putch
  2557                           
  2558                           ;micro_oven.c: 193:         clcd_putch(' ',(0xC0 + 9));
  2559     0167  30C9               	movlw	201
  2560     0168  1283               	bcf	3,5	;RP0=0, select bank0
  2561     0169  1303               	bcf	3,6	;RP1=0, select bank0
  2562     016A  00A8               	movwf	clcd_putch@addr
  2563     016B  3020               	movlw	32
  2564     016C  120A  158A  2613  120A  118A  	fcall	_clcd_putch
  2565                           
  2566                           ;micro_oven.c: 194:     }
  2567     0171  29CB               	goto	l283
  2568     0172                     l2523:
  2569                           
  2570                           ;micro_oven.c: 196:         clcd_putch(temp / 100 + '0',(0xC0 + 7));
  2571     0172  30C7               	movlw	199
  2572     0173  00A8               	movwf	clcd_putch@addr
  2573     0174  3064               	movlw	100
  2574     0175  00F2               	movwf	___lwdiv@divisor
  2575     0176  3000               	movlw	0
  2576     0177  00F3               	movwf	___lwdiv@divisor+1
  2577     0178  0835               	movf	_temp+1,w
  2578     0179  00F5               	movwf	___lwdiv@dividend+1
  2579     017A  0834               	movf	_temp,w
  2580     017B  00F4               	movwf	___lwdiv@dividend
  2581     017C  120A  158A  2765  120A  118A  	fcall	___lwdiv
  2582     0181  0872               	movf	?___lwdiv,w
  2583     0182  3E30               	addlw	48
  2584     0183  120A  158A  2613  120A  118A  	fcall	_clcd_putch
  2585                           
  2586                           ;micro_oven.c: 197:         clcd_putch((temp/10) % 10 + '0',(0xC0 + 8));
  2587     0188  30C8               	movlw	200
  2588     0189  1283               	bcf	3,5	;RP0=0, select bank0
  2589     018A  1303               	bcf	3,6	;RP1=0, select bank0
  2590     018B  00A8               	movwf	clcd_putch@addr
  2591     018C  300A               	movlw	10
  2592     018D  00A0               	movwf	___lwmod@divisor
  2593     018E  3000               	movlw	0
  2594     018F  00A1               	movwf	___lwmod@divisor+1
  2595     0190  300A               	movlw	10
  2596     0191  00F2               	movwf	___lwdiv@divisor
  2597     0192  3000               	movlw	0
  2598     0193  00F3               	movwf	___lwdiv@divisor+1
  2599     0194  0835               	movf	_temp+1,w
  2600     0195  00F5               	movwf	___lwdiv@dividend+1
  2601     0196  0834               	movf	_temp,w
  2602     0197  00F4               	movwf	___lwdiv@dividend
  2603     0198  120A  158A  2765  120A  118A  	fcall	___lwdiv
  2604     019D  0873               	movf	?___lwdiv+1,w
  2605     019E  1283               	bcf	3,5	;RP0=0, select bank0
  2606     019F  1303               	bcf	3,6	;RP1=0, select bank0
  2607     01A0  00A3               	movwf	___lwmod@dividend+1
  2608     01A1  0872               	movf	?___lwdiv,w
  2609     01A2  00A2               	movwf	___lwmod@dividend
  2610     01A3  120A  158A  26F0  120A  118A  	fcall	___lwmod
  2611     01A8  1283               	bcf	3,5	;RP0=0, select bank0
  2612     01A9  1303               	bcf	3,6	;RP1=0, select bank0
  2613     01AA  0820               	movf	?___lwmod,w
  2614     01AB  3E30               	addlw	48
  2615     01AC  120A  158A  2613  120A  118A  	fcall	_clcd_putch
  2616                           
  2617                           ;micro_oven.c: 198:         clcd_putch((temp % 10) + '0',(0xC0 + 9));
  2618     01B1  30C9               	movlw	201
  2619     01B2  1283               	bcf	3,5	;RP0=0, select bank0
  2620     01B3  1303               	bcf	3,6	;RP1=0, select bank0
  2621     01B4  00A8               	movwf	clcd_putch@addr
  2622     01B5  300A               	movlw	10
  2623     01B6  00A0               	movwf	___lwmod@divisor
  2624     01B7  3000               	movlw	0
  2625     01B8  00A1               	movwf	___lwmod@divisor+1
  2626     01B9  0835               	movf	_temp+1,w
  2627     01BA  00A3               	movwf	___lwmod@dividend+1
  2628     01BB  0834               	movf	_temp,w
  2629     01BC  00A2               	movwf	___lwmod@dividend
  2630     01BD  120A  158A  26F0  120A  118A  	fcall	___lwmod
  2631     01C2  1283               	bcf	3,5	;RP0=0, select bank0
  2632     01C3  1303               	bcf	3,6	;RP1=0, select bank0
  2633     01C4  0820               	movf	?___lwmod,w
  2634     01C5  3E30               	addlw	48
  2635     01C6  120A  158A  2613  120A  118A  	fcall	_clcd_putch
  2636     01CB                     l283:
  2637     01CB  0008               	return
  2638     01CC                     __end_of_set_temp:
  2639                           
  2640                           	psect	text4
  2641     0E95                     __ptext4:	
  2642 ;; *************** function ___wmul *****************
  2643 ;; Defined at:
  2644 ;;		line 15 in file "C:\Program Files\Microchip\xc8\v3.10\pic\sources\c99\common\Umul16.c"
  2645 ;; Parameters:    Size  Location     Type
  2646 ;;  multiplier      2    2[COMMON] unsigned int 
  2647 ;;  multiplicand    2    4[COMMON] unsigned int 
  2648 ;; Auto vars:     Size  Location     Type
  2649 ;;  product         2    6[COMMON] unsigned int 
  2650 ;; Return value:  Size  Location     Type
  2651 ;;                  2    2[COMMON] unsigned int 
  2652 ;; Registers used:
  2653 ;;		wreg, status,2, status,0
  2654 ;; Tracked objects:
  2655 ;;		On entry : 0/0
  2656 ;;		On exit  : 0/0
  2657 ;;		Unchanged: 0/0
  2658 ;; Data sizes:     COMMON   BANK0   BANK1   BANK3   BANK2
  2659 ;;      Params:         4       0       0       0       0
  2660 ;;      Locals:         2       0       0       0       0
  2661 ;;      Temps:          0       0       0       0       0
  2662 ;;      Totals:         6       0       0       0       0
  2663 ;;Total ram usage:        6 bytes
  2664 ;; Hardware stack levels used: 1
  2665 ;; Hardware stack levels required when called: 1
  2666 ;; This function calls:
  2667 ;;		Nothing
  2668 ;; This function is called by:
  2669 ;;		_set_temp
  2670 ;; This function uses a non-reentrant model
  2671 ;;
  2672                           
  2673     0E95                     ___wmul:	
  2674                           ;psect for function ___wmul
  2675                           
  2676     0E95                     l1719:	
  2677                           ;incstack = 0
  2678                           ; Regs used in ___wmul: [wreg+status,2+status,0]
  2679                           
  2680     0E95  01F6               	clrf	___wmul@product
  2681     0E96  01F7               	clrf	___wmul@product+1
  2682     0E97                     l1721:
  2683     0E97  1C72               	btfss	___wmul@multiplier,0
  2684     0E98  2E9A               	goto	u1251
  2685     0E99  2E9B               	goto	u1250
  2686     0E9A                     u1251:
  2687     0E9A  2EA1               	goto	l393
  2688     0E9B                     u1250:
  2689     0E9B                     l1723:
  2690     0E9B  0874               	movf	___wmul@multiplicand,w
  2691     0E9C  07F6               	addwf	___wmul@product,f
  2692     0E9D  1803               	skipnc
  2693     0E9E  0AF7               	incf	___wmul@product+1,f
  2694     0E9F  0875               	movf	___wmul@multiplicand+1,w
  2695     0EA0  07F7               	addwf	___wmul@product+1,f
  2696     0EA1                     l393:
  2697     0EA1  3001               	movlw	1
  2698     0EA2                     u1265:
  2699     0EA2  1003               	clrc
  2700     0EA3  0DF4               	rlf	___wmul@multiplicand,f
  2701     0EA4  0DF5               	rlf	___wmul@multiplicand+1,f
  2702     0EA5  3EFF               	addlw	-1
  2703     0EA6  1D03               	skipz
  2704     0EA7  2EA2               	goto	u1265
  2705     0EA8                     l1725:
  2706     0EA8  3001               	movlw	1
  2707     0EA9                     u1275:
  2708     0EA9  1003               	clrc
  2709     0EAA  0CF3               	rrf	___wmul@multiplier+1,f
  2710     0EAB  0CF2               	rrf	___wmul@multiplier,f
  2711     0EAC  3EFF               	addlw	-1
  2712     0EAD  1D03               	skipz
  2713     0EAE  2EA9               	goto	u1275
  2714     0EAF                     l1727:
  2715     0EAF  0872               	movf	___wmul@multiplier,w
  2716     0EB0  0473               	iorwf	___wmul@multiplier+1,w
  2717     0EB1  1D03               	btfss	3,2
  2718     0EB2  2EB4               	goto	u1281
  2719     0EB3  2EB5               	goto	u1280
  2720     0EB4                     u1281:
  2721     0EB4  2E97               	goto	l1721
  2722     0EB5                     u1280:
  2723     0EB5                     l1729:
  2724     0EB5  0877               	movf	___wmul@product+1,w
  2725     0EB6  00F3               	movwf	?___wmul+1
  2726     0EB7  0876               	movf	___wmul@product,w
  2727     0EB8  00F2               	movwf	?___wmul
  2728     0EB9                     l395:
  2729     0EB9  0008               	return
  2730     0EBA                     __end_of___wmul:
  2731                           
  2732                           	psect	text5
  2733     0EF0                     __ptext5:	
  2734 ;; *************** function ___lwmod *****************
  2735 ;; Defined at:
  2736 ;;		line 5 in file "C:\Program Files\Microchip\xc8\v3.10\pic\sources\c99\common\lwmod.c"
  2737 ;; Parameters:    Size  Location     Type
  2738 ;;  divisor         2    0[BANK0 ] unsigned int 
  2739 ;;  dividend        2    2[BANK0 ] unsigned int 
  2740 ;; Auto vars:     Size  Location     Type
  2741 ;;  counter         1    4[BANK0 ] unsigned char 
  2742 ;; Return value:  Size  Location     Type
  2743 ;;                  2    0[BANK0 ] unsigned int 
  2744 ;; Registers used:
  2745 ;;		wreg, status,2, status,0
  2746 ;; Tracked objects:
  2747 ;;		On entry : 0/0
  2748 ;;		On exit  : 0/0
  2749 ;;		Unchanged: 0/0
  2750 ;; Data sizes:     COMMON   BANK0   BANK1   BANK3   BANK2
  2751 ;;      Params:         0       4       0       0       0
  2752 ;;      Locals:         0       1       0       0       0
  2753 ;;      Temps:          0       0       0       0       0
  2754 ;;      Totals:         0       5       0       0       0
  2755 ;;Total ram usage:        5 bytes
  2756 ;; Hardware stack levels used: 1
  2757 ;; Hardware stack levels required when called: 1
  2758 ;; This function calls:
  2759 ;;		Nothing
  2760 ;; This function is called by:
  2761 ;;		_set_temp
  2762 ;; This function uses a non-reentrant model
  2763 ;;
  2764                           
  2765     0EF0                     ___lwmod:	
  2766                           ;psect for function ___lwmod
  2767                           
  2768     0EF0                     l2327:	
  2769                           ;incstack = 0
  2770                           ; Regs used in ___lwmod: [wreg+status,2+status,0]
  2771                           
  2772     0EF0  1283               	bcf	3,5	;RP0=0, select bank0
  2773     0EF1  1303               	bcf	3,6	;RP1=0, select bank0
  2774     0EF2  0820               	movf	___lwmod@divisor,w
  2775     0EF3  0421               	iorwf	___lwmod@divisor+1,w
  2776     0EF4  1903               	btfsc	3,2
  2777     0EF5  2EF7               	goto	u2361
  2778     0EF6  2EF8               	goto	u2360
  2779     0EF7                     u2361:
  2780     0EF7  2F25               	goto	l2345
  2781     0EF8                     u2360:
  2782     0EF8                     l2329:
  2783     0EF8  3001               	movlw	1
  2784     0EF9  00A4               	movwf	___lwmod@counter
  2785     0EFA  2F04               	goto	l2335
  2786     0EFB                     l2331:
  2787     0EFB  3001               	movlw	1
  2788     0EFC                     u2375:
  2789     0EFC  1003               	clrc
  2790     0EFD  0DA0               	rlf	___lwmod@divisor,f
  2791     0EFE  0DA1               	rlf	___lwmod@divisor+1,f
  2792     0EFF  3EFF               	addlw	-1
  2793     0F00  1D03               	skipz
  2794     0F01  2EFC               	goto	u2375
  2795     0F02                     l2333:
  2796     0F02  3001               	movlw	1
  2797     0F03  07A4               	addwf	___lwmod@counter,f
  2798     0F04                     l2335:
  2799     0F04  1FA1               	btfss	___lwmod@divisor+1,7
  2800     0F05  2F07               	goto	u2381
  2801     0F06  2F08               	goto	u2380
  2802     0F07                     u2381:
  2803     0F07  2EFB               	goto	l2331
  2804     0F08                     u2380:
  2805     0F08                     l2337:
  2806     0F08  0821               	movf	___lwmod@divisor+1,w
  2807     0F09  0223               	subwf	___lwmod@dividend+1,w
  2808     0F0A  1D03               	skipz
  2809     0F0B  2F0E               	goto	u2395
  2810     0F0C  0820               	movf	___lwmod@divisor,w
  2811     0F0D  0222               	subwf	___lwmod@dividend,w
  2812     0F0E                     u2395:
  2813     0F0E  1C03               	skipc
  2814     0F0F  2F11               	goto	u2391
  2815     0F10  2F12               	goto	u2390
  2816     0F11                     u2391:
  2817     0F11  2F18               	goto	l2341
  2818     0F12                     u2390:
  2819     0F12                     l2339:
  2820     0F12  0820               	movf	___lwmod@divisor,w
  2821     0F13  02A2               	subwf	___lwmod@dividend,f
  2822     0F14  0821               	movf	___lwmod@divisor+1,w
  2823     0F15  1C03               	skipc
  2824     0F16  03A3               	decf	___lwmod@dividend+1,f
  2825     0F17  02A3               	subwf	___lwmod@dividend+1,f
  2826     0F18                     l2341:
  2827     0F18  3001               	movlw	1
  2828     0F19                     u2405:
  2829     0F19  1003               	clrc
  2830     0F1A  0CA1               	rrf	___lwmod@divisor+1,f
  2831     0F1B  0CA0               	rrf	___lwmod@divisor,f
  2832     0F1C  3EFF               	addlw	-1
  2833     0F1D  1D03               	skipz
  2834     0F1E  2F19               	goto	u2405
  2835     0F1F                     l2343:
  2836     0F1F  3001               	movlw	1
  2837     0F20  02A4               	subwf	___lwmod@counter,f
  2838     0F21  1D03               	btfss	3,2
  2839     0F22  2F24               	goto	u2411
  2840     0F23  2F25               	goto	u2410
  2841     0F24                     u2411:
  2842     0F24  2F08               	goto	l2337
  2843     0F25                     u2410:
  2844     0F25                     l2345:
  2845     0F25  0823               	movf	___lwmod@dividend+1,w
  2846     0F26  00A1               	movwf	?___lwmod+1
  2847     0F27  0822               	movf	___lwmod@dividend,w
  2848     0F28  00A0               	movwf	?___lwmod
  2849     0F29                     l683:
  2850     0F29  0008               	return
  2851     0F2A                     __end_of___lwmod:
  2852                           
  2853                           	psect	text6
  2854     0F65                     __ptext6:	
  2855 ;; *************** function ___lwdiv *****************
  2856 ;; Defined at:
  2857 ;;		line 5 in file "C:\Program Files\Microchip\xc8\v3.10\pic\sources\c99\common\lwdiv.c"
  2858 ;; Parameters:    Size  Location     Type
  2859 ;;  divisor         2    2[COMMON] unsigned int 
  2860 ;;  dividend        2    4[COMMON] unsigned int 
  2861 ;; Auto vars:     Size  Location     Type
  2862 ;;  quotient        2    6[COMMON] unsigned int 
  2863 ;;  counter         1    8[COMMON] unsigned char 
  2864 ;; Return value:  Size  Location     Type
  2865 ;;                  2    2[COMMON] unsigned int 
  2866 ;; Registers used:
  2867 ;;		wreg, status,2, status,0
  2868 ;; Tracked objects:
  2869 ;;		On entry : 0/0
  2870 ;;		On exit  : 0/0
  2871 ;;		Unchanged: 0/0
  2872 ;; Data sizes:     COMMON   BANK0   BANK1   BANK3   BANK2
  2873 ;;      Params:         4       0       0       0       0
  2874 ;;      Locals:         3       0       0       0       0
  2875 ;;      Temps:          0       0       0       0       0
  2876 ;;      Totals:         7       0       0       0       0
  2877 ;;Total ram usage:        7 bytes
  2878 ;; Hardware stack levels used: 1
  2879 ;; Hardware stack levels required when called: 1
  2880 ;; This function calls:
  2881 ;;		Nothing
  2882 ;; This function is called by:
  2883 ;;		_set_temp
  2884 ;; This function uses a non-reentrant model
  2885 ;;
  2886                           
  2887     0F65                     ___lwdiv:	
  2888                           ;psect for function ___lwdiv
  2889                           
  2890     0F65                     l1815:	
  2891                           ;incstack = 0
  2892                           ; Regs used in ___lwdiv: [wreg+status,2+status,0]
  2893                           
  2894     0F65  01F6               	clrf	___lwdiv@quotient
  2895     0F66  01F7               	clrf	___lwdiv@quotient+1
  2896     0F67                     l1817:
  2897     0F67  0872               	movf	___lwdiv@divisor,w
  2898     0F68  0473               	iorwf	___lwdiv@divisor+1,w
  2899     0F69  1903               	btfsc	3,2
  2900     0F6A  2F6C               	goto	u1481
  2901     0F6B  2F6D               	goto	u1480
  2902     0F6C                     u1481:
  2903     0F6C  2FA2               	goto	l1837
  2904     0F6D                     u1480:
  2905     0F6D                     l1819:
  2906     0F6D  3001               	movlw	1
  2907     0F6E  00F8               	movwf	___lwdiv@counter
  2908     0F6F  2F79               	goto	l1825
  2909     0F70                     l1821:
  2910     0F70  3001               	movlw	1
  2911     0F71                     u1495:
  2912     0F71  1003               	clrc
  2913     0F72  0DF2               	rlf	___lwdiv@divisor,f
  2914     0F73  0DF3               	rlf	___lwdiv@divisor+1,f
  2915     0F74  3EFF               	addlw	-1
  2916     0F75  1D03               	skipz
  2917     0F76  2F71               	goto	u1495
  2918     0F77                     l1823:
  2919     0F77  3001               	movlw	1
  2920     0F78  07F8               	addwf	___lwdiv@counter,f
  2921     0F79                     l1825:
  2922     0F79  1FF3               	btfss	___lwdiv@divisor+1,7
  2923     0F7A  2F7C               	goto	u1501
  2924     0F7B  2F7D               	goto	u1500
  2925     0F7C                     u1501:
  2926     0F7C  2F70               	goto	l1821
  2927     0F7D                     u1500:
  2928     0F7D                     l1827:
  2929     0F7D  3001               	movlw	1
  2930     0F7E                     u1515:
  2931     0F7E  1003               	clrc
  2932     0F7F  0DF6               	rlf	___lwdiv@quotient,f
  2933     0F80  0DF7               	rlf	___lwdiv@quotient+1,f
  2934     0F81  3EFF               	addlw	-1
  2935     0F82  1D03               	skipz
  2936     0F83  2F7E               	goto	u1515
  2937     0F84  0873               	movf	___lwdiv@divisor+1,w
  2938     0F85  0275               	subwf	___lwdiv@dividend+1,w
  2939     0F86  1D03               	skipz
  2940     0F87  2F8A               	goto	u1525
  2941     0F88  0872               	movf	___lwdiv@divisor,w
  2942     0F89  0274               	subwf	___lwdiv@dividend,w
  2943     0F8A                     u1525:
  2944     0F8A  1C03               	skipc
  2945     0F8B  2F8D               	goto	u1521
  2946     0F8C  2F8E               	goto	u1520
  2947     0F8D                     u1521:
  2948     0F8D  2F95               	goto	l1833
  2949     0F8E                     u1520:
  2950     0F8E                     l1829:
  2951     0F8E  0872               	movf	___lwdiv@divisor,w
  2952     0F8F  02F4               	subwf	___lwdiv@dividend,f
  2953     0F90  0873               	movf	___lwdiv@divisor+1,w
  2954     0F91  1C03               	skipc
  2955     0F92  03F5               	decf	___lwdiv@dividend+1,f
  2956     0F93  02F5               	subwf	___lwdiv@dividend+1,f
  2957     0F94                     l1831:
  2958     0F94  1476               	bsf	___lwdiv@quotient,0
  2959     0F95                     l1833:
  2960     0F95  3001               	movlw	1
  2961     0F96                     u1535:
  2962     0F96  1003               	clrc
  2963     0F97  0CF3               	rrf	___lwdiv@divisor+1,f
  2964     0F98  0CF2               	rrf	___lwdiv@divisor,f
  2965     0F99  3EFF               	addlw	-1
  2966     0F9A  1D03               	skipz
  2967     0F9B  2F96               	goto	u1535
  2968     0F9C                     l1835:
  2969     0F9C  3001               	movlw	1
  2970     0F9D  02F8               	subwf	___lwdiv@counter,f
  2971     0F9E  1D03               	btfss	3,2
  2972     0F9F  2FA1               	goto	u1541
  2973     0FA0  2FA2               	goto	u1540
  2974     0FA1                     u1541:
  2975     0FA1  2F7D               	goto	l1827
  2976     0FA2                     u1540:
  2977     0FA2                     l1837:
  2978     0FA2  0877               	movf	___lwdiv@quotient+1,w
  2979     0FA3  00F3               	movwf	?___lwdiv+1
  2980     0FA4  0876               	movf	___lwdiv@quotient,w
  2981     0FA5  00F2               	movwf	?___lwdiv
  2982     0FA6                     l673:
  2983     0FA6  0008               	return
  2984     0FA7                     __end_of___lwdiv:
  2985                           
  2986                           	psect	text7
  2987     0E28                     __ptext7:	
  2988 ;; *************** function _read_matrix_keypad *****************
  2989 ;; Defined at:
  2990 ;;		line 114 in file "matrix_keypad.c"
  2991 ;; Parameters:    Size  Location     Type
  2992 ;;  mode            1    wreg     unsigned char 
  2993 ;; Auto vars:     Size  Location     Type
  2994 ;;  mode            1    4[COMMON] unsigned char 
  2995 ;;  key             1    5[COMMON] unsigned char 
  2996 ;; Return value:  Size  Location     Type
  2997 ;;                  1    wreg      unsigned char 
  2998 ;; Registers used:
  2999 ;;		wreg, status,2, status,0, pclath, btemp1, cstack
  3000 ;; Tracked objects:
  3001 ;;		On entry : 0/0
  3002 ;;		On exit  : 0/0
  3003 ;;		Unchanged: 0/0
  3004 ;; Data sizes:     COMMON   BANK0   BANK1   BANK3   BANK2
  3005 ;;      Params:         0       0       0       0       0
  3006 ;;      Locals:         2       0       0       0       0
  3007 ;;      Temps:          0       0       0       0       0
  3008 ;;      Totals:         2       0       0       0       0
  3009 ;;Total ram usage:        2 bytes
  3010 ;; Hardware stack levels used: 1
  3011 ;; Hardware stack levels required when called: 2
  3012 ;; This function calls:
  3013 ;;		_scan_keypad
  3014 ;; This function is called by:
  3015 ;;		_main
  3016 ;; This function uses a non-reentrant model
  3017 ;;
  3018                           
  3019     0E28                     _read_matrix_keypad:	
  3020                           ;psect for function _read_matrix_keypad
  3021                           
  3022                           
  3023                           ;incstack = 0
  3024                           ; Regs used in _read_matrix_keypad: [wreg+status,2+status,0+pclath+btemp1+cstack]
  3025                           ;read_matrix_keypad@mode stored from wreg
  3026     0E28  00F4               	movwf	read_matrix_keypad@mode
  3027     0E29                     l1873:
  3028                           
  3029                           ;matrix_keypad.c: 114: unsigned char read_matrix_keypad(unsigned char mode);matrix_keypa
      +                          d.c: 115: {;matrix_keypad.c: 116:     static unsigned char once = 1;;matrix_keypad.c: 11
      +                          7:     unsigned char key;;matrix_keypad.c: 119:     key = scan_keypad();
  3030     0E29  120A  118A  26C8  120A  158A  	fcall	_scan_keypad
  3031     0E2E  00F5               	movwf	read_matrix_keypad@key
  3032     0E2F                     l1875:
  3033                           
  3034                           ;matrix_keypad.c: 121:     if (mode == 0)
  3035     0E2F  0874               	movf	read_matrix_keypad@mode,w
  3036     0E30  1D03               	btfss	3,2
  3037     0E31  2E33               	goto	u1611
  3038     0E32  2E34               	goto	u1610
  3039     0E33                     u1611:
  3040     0E33  2E36               	goto	l1883
  3041     0E34                     u1610:
  3042     0E34                     l1877:
  3043                           
  3044                           ;matrix_keypad.c: 122:     {;matrix_keypad.c: 123:         return key;
  3045     0E34  0875               	movf	read_matrix_keypad@key,w
  3046     0E35  2E4A               	goto	l179
  3047     0E36                     l1883:
  3048                           
  3049                           ;matrix_keypad.c: 126:     {;matrix_keypad.c: 127:         if ((key != 0xFF) && once)
  3050     0E36  0A75               	incf	read_matrix_keypad@key,w
  3051     0E37  1903               	btfsc	3,2
  3052     0E38  2E3A               	goto	u1621
  3053     0E39  2E3B               	goto	u1620
  3054     0E3A                     u1621:
  3055     0E3A  2E42               	goto	l1895
  3056     0E3B                     u1620:
  3057     0E3B                     l1885:
  3058     0E3B  087B               	movf	read_matrix_keypad@once,w
  3059     0E3C  1903               	btfsc	3,2
  3060     0E3D  2E3F               	goto	u1631
  3061     0E3E  2E40               	goto	u1630
  3062     0E3F                     u1631:
  3063     0E3F  2E42               	goto	l1895
  3064     0E40                     u1630:
  3065     0E40                     l1887:
  3066                           
  3067                           ;matrix_keypad.c: 128:         {;matrix_keypad.c: 129:             once = 0;
  3068     0E40  01FB               	clrf	read_matrix_keypad@once
  3069     0E41  2E34               	goto	l1877
  3070     0E42                     l1895:
  3071     0E42  0A75               	incf	read_matrix_keypad@key,w
  3072     0E43  1D03               	btfss	3,2
  3073     0E44  2E46               	goto	u1641
  3074     0E45  2E47               	goto	u1640
  3075     0E46                     u1641:
  3076     0E46  2E49               	goto	l1899
  3077     0E47                     u1640:
  3078     0E47                     l1897:
  3079                           
  3080                           ;matrix_keypad.c: 134:         {;matrix_keypad.c: 135:             once = 1;
  3081     0E47  3001               	movlw	1
  3082     0E48  00FB               	movwf	read_matrix_keypad@once
  3083     0E49                     l1899:
  3084                           
  3085                           ;matrix_keypad.c: 139:     return 0xFF;
  3086     0E49  30FF               	movlw	255
  3087     0E4A                     l179:
  3088     0E4A  0008               	return
  3089     0E4B                     __end_of_read_matrix_keypad:
  3090                           
  3091                           	psect	text8
  3092     06C8                     __ptext8:	
  3093 ;; *************** function _scan_keypad *****************
  3094 ;; Defined at:
  3095 ;;		line 24 in file "matrix_keypad.c"
  3096 ;; Parameters:    Size  Location     Type
  3097 ;;		None
  3098 ;; Auto vars:     Size  Location     Type
  3099 ;;  i               2    2[COMMON] int 
  3100 ;; Return value:  Size  Location     Type
  3101 ;;                  1    wreg      unsigned char 
  3102 ;; Registers used:
  3103 ;;		wreg, status,2, status,0, btemp1
  3104 ;; Tracked objects:
  3105 ;;		On entry : 0/0
  3106 ;;		On exit  : 0/0
  3107 ;;		Unchanged: 0/0
  3108 ;; Data sizes:     COMMON   BANK0   BANK1   BANK3   BANK2
  3109 ;;      Params:         0       0       0       0       0
  3110 ;;      Locals:         2       0       0       0       0
  3111 ;;      Temps:          0       0       0       0       0
  3112 ;;      Totals:         2       0       0       0       0
  3113 ;;Total ram usage:        2 bytes
  3114 ;; Hardware stack levels used: 1
  3115 ;; Hardware stack levels required when called: 1
  3116 ;; This function calls:
  3117 ;;		Nothing
  3118 ;; This function is called by:
  3119 ;;		_read_matrix_keypad
  3120 ;; This function uses a non-reentrant model
  3121 ;;
  3122                           
  3123     06C8                     _scan_keypad:	
  3124                           ;psect for function _scan_keypad
  3125                           
  3126     06C8                     l1615:	
  3127                           ;incstack = 0
  3128                           ; Regs used in _scan_keypad: [wreg+status,2+status,0+btemp1]
  3129                           
  3130                           
  3131                           ;matrix_keypad.c: 26:     int i;;matrix_keypad.c: 28:     RD3 = 0;
  3132     06C8  1283               	bcf	3,5	;RP0=0, select bank0
  3133     06C9  1303               	bcf	3,6	;RP1=0, select bank0
  3134     06CA  1188               	bcf	8,3	;volatile
  3135                           
  3136                           ;matrix_keypad.c: 29:     RD2 = 1;
  3137     06CB  1508               	bsf	8,2	;volatile
  3138                           
  3139                           ;matrix_keypad.c: 30:     RD1 = 1;
  3140     06CC  1488               	bsf	8,1	;volatile
  3141                           
  3142                           ;matrix_keypad.c: 31:     RD0 = 1;
  3143     06CD  1408               	bsf	8,0	;volatile
  3144     06CE                     l1617:
  3145                           
  3146                           ;matrix_keypad.c: 33:     for (i = 100; i--; );
  3147     06CE  3064               	movlw	100
  3148     06CF  00F2               	movwf	scan_keypad@i
  3149     06D0  3000               	movlw	0
  3150     06D1  00F3               	movwf	scan_keypad@i+1
  3151     06D2                     l1619:
  3152     06D2  30FF               	movlw	255
  3153     06D3  07F2               	addwf	scan_keypad@i,f
  3154     06D4  1803               	skipnc
  3155     06D5  0AF3               	incf	scan_keypad@i+1,f
  3156     06D6  30FF               	movlw	255
  3157     06D7  07F3               	addwf	scan_keypad@i+1,f
  3158     06D8  0A72               	incf	scan_keypad@i,w
  3159     06D9  1D03               	skipz
  3160     06DA  2EDF               	goto	u1091
  3161     06DB  0A73               	incf	scan_keypad@i+1,w
  3162     06DC  1D03               	btfss	3,2
  3163     06DD  2EDF               	goto	u1091
  3164     06DE  2EE0               	goto	u1090
  3165     06DF                     u1091:
  3166     06DF  2ED2               	goto	l1619
  3167     06E0                     u1090:
  3168     06E0                     l146:
  3169                           
  3170                           ;matrix_keypad.c: 35:     if (RB0 == 0)
  3171     06E0  1283               	bcf	3,5	;RP0=0, select bank0
  3172     06E1  1303               	bcf	3,6	;RP1=0, select bank0
  3173     06E2  1806               	btfsc	6,0	;volatile
  3174     06E3  2EE5               	goto	u1101
  3175     06E4  2EE6               	goto	u1100
  3176     06E5                     u1101:
  3177     06E5  2EE8               	goto	l147
  3178     06E6                     u1100:
  3179     06E6                     l1621:
  3180                           
  3181                           ;matrix_keypad.c: 36:     {;matrix_keypad.c: 37:         return 1;
  3182     06E6  3001               	movlw	1
  3183     06E7  2F82               	goto	l148
  3184     06E8                     l147:	
  3185                           ;matrix_keypad.c: 39:     else if (RB1 == 0)
  3186                           
  3187     06E8  1886               	btfsc	6,1	;volatile
  3188     06E9  2EEB               	goto	u1111
  3189     06EA  2EEC               	goto	u1110
  3190     06EB                     u1111:
  3191     06EB  2EEE               	goto	l150
  3192     06EC                     u1110:
  3193     06EC                     l1627:
  3194                           
  3195                           ;matrix_keypad.c: 40:     {;matrix_keypad.c: 41:         return 2;
  3196     06EC  3002               	movlw	2
  3197     06ED  2F82               	goto	l148
  3198     06EE                     l150:	
  3199                           ;matrix_keypad.c: 43:     else if (RB2 == 0)
  3200                           
  3201     06EE  1906               	btfsc	6,2	;volatile
  3202     06EF  2EF1               	goto	u1121
  3203     06F0  2EF2               	goto	u1120
  3204     06F1                     u1121:
  3205     06F1  2EF4               	goto	l149
  3206     06F2                     u1120:
  3207     06F2                     l1633:
  3208                           
  3209                           ;matrix_keypad.c: 44:     {;matrix_keypad.c: 45:         return 3;
  3210     06F2  3003               	movlw	3
  3211     06F3  2F82               	goto	l148
  3212     06F4                     l149:
  3213                           
  3214                           ;matrix_keypad.c: 48:     RD3 = 1;
  3215     06F4  1588               	bsf	8,3	;volatile
  3216                           
  3217                           ;matrix_keypad.c: 49:     RD2 = 0;
  3218     06F5  1108               	bcf	8,2	;volatile
  3219                           
  3220                           ;matrix_keypad.c: 50:     RD1 = 1;
  3221     06F6  1488               	bsf	8,1	;volatile
  3222                           
  3223                           ;matrix_keypad.c: 51:     RD0 = 1;
  3224     06F7  1408               	bsf	8,0	;volatile
  3225     06F8                     l1637:
  3226                           
  3227                           ;matrix_keypad.c: 53:    for (i = 100; i > 0; i--)
  3228     06F8  3064               	movlw	100
  3229     06F9  00F2               	movwf	scan_keypad@i
  3230     06FA  3000               	movlw	0
  3231     06FB  00F3               	movwf	scan_keypad@i+1
  3232     06FC                     l1643:
  3233                           
  3234                           ;matrix_keypad.c: 54:    {;matrix_keypad.c: 56:    }
  3235     06FC  30FF               	movlw	255
  3236     06FD  07F2               	addwf	scan_keypad@i,f
  3237     06FE  1803               	skipnc
  3238     06FF  0AF3               	incf	scan_keypad@i+1,f
  3239     0700  30FF               	movlw	255
  3240     0701  07F3               	addwf	scan_keypad@i+1,f
  3241     0702                     l1645:
  3242     0702  0873               	movf	scan_keypad@i+1,w
  3243     0703  3A80               	xorlw	128
  3244     0704  00FF               	movwf	btemp1
  3245     0705  3080               	movlw	128
  3246     0706  027F               	subwf	btemp1,w
  3247     0707  1D03               	skipz
  3248     0708  2F0B               	goto	u1135
  3249     0709  3001               	movlw	1
  3250     070A  0272               	subwf	scan_keypad@i,w
  3251     070B                     u1135:
  3252     070B  1803               	skipnc
  3253     070C  2F0E               	goto	u1131
  3254     070D  2F0F               	goto	u1130
  3255     070E                     u1131:
  3256     070E  2EFC               	goto	l1643
  3257     070F                     u1130:
  3258     070F                     l154:
  3259                           
  3260                           ;matrix_keypad.c: 58:     if (RB0 == 0)
  3261     070F  1283               	bcf	3,5	;RP0=0, select bank0
  3262     0710  1303               	bcf	3,6	;RP1=0, select bank0
  3263     0711  1806               	btfsc	6,0	;volatile
  3264     0712  2F14               	goto	u1141
  3265     0713  2F15               	goto	u1140
  3266     0714                     u1141:
  3267     0714  2F17               	goto	l155
  3268     0715                     u1140:
  3269     0715                     l1647:
  3270                           
  3271                           ;matrix_keypad.c: 59:     {;matrix_keypad.c: 60:         return 4;
  3272     0715  3004               	movlw	4
  3273     0716  2F82               	goto	l148
  3274     0717                     l155:	
  3275                           ;matrix_keypad.c: 62:     else if (RB1 == 0)
  3276                           
  3277     0717  1886               	btfsc	6,1	;volatile
  3278     0718  2F1A               	goto	u1151
  3279     0719  2F1B               	goto	u1150
  3280     071A                     u1151:
  3281     071A  2F1D               	goto	l157
  3282     071B                     u1150:
  3283     071B                     l1653:
  3284                           
  3285                           ;matrix_keypad.c: 63:     {;matrix_keypad.c: 64:         return 5;
  3286     071B  3005               	movlw	5
  3287     071C  2F82               	goto	l148
  3288     071D                     l157:	
  3289                           ;matrix_keypad.c: 66:     else if (RB2 == 0)
  3290                           
  3291     071D  1906               	btfsc	6,2	;volatile
  3292     071E  2F20               	goto	u1161
  3293     071F  2F21               	goto	u1160
  3294     0720                     u1161:
  3295     0720  2F23               	goto	l156
  3296     0721                     u1160:
  3297     0721                     l1659:
  3298                           
  3299                           ;matrix_keypad.c: 67:     {;matrix_keypad.c: 68:         return 6;
  3300     0721  3006               	movlw	6
  3301     0722  2F82               	goto	l148
  3302     0723                     l156:
  3303                           
  3304                           ;matrix_keypad.c: 71:     RD3 = 1;
  3305     0723  1588               	bsf	8,3	;volatile
  3306                           
  3307                           ;matrix_keypad.c: 72:     RD2 = 1;
  3308     0724  1508               	bsf	8,2	;volatile
  3309                           
  3310                           ;matrix_keypad.c: 73:     RD1 = 0;
  3311     0725  1088               	bcf	8,1	;volatile
  3312                           
  3313                           ;matrix_keypad.c: 74:     RD0 = 1;
  3314     0726  1408               	bsf	8,0	;volatile
  3315     0727                     l1663:
  3316                           
  3317                           ;matrix_keypad.c: 76:     for (i = 100; i > 0; i--);
  3318     0727  3064               	movlw	100
  3319     0728  00F2               	movwf	scan_keypad@i
  3320     0729  3000               	movlw	0
  3321     072A  00F3               	movwf	scan_keypad@i+1
  3322     072B                     l1669:
  3323     072B  30FF               	movlw	255
  3324     072C  07F2               	addwf	scan_keypad@i,f
  3325     072D  1803               	skipnc
  3326     072E  0AF3               	incf	scan_keypad@i+1,f
  3327     072F  30FF               	movlw	255
  3328     0730  07F3               	addwf	scan_keypad@i+1,f
  3329     0731                     l1671:
  3330     0731  0873               	movf	scan_keypad@i+1,w
  3331     0732  3A80               	xorlw	128
  3332     0733  00FF               	movwf	btemp1
  3333     0734  3080               	movlw	128
  3334     0735  027F               	subwf	btemp1,w
  3335     0736  1D03               	skipz
  3336     0737  2F3A               	goto	u1175
  3337     0738  3001               	movlw	1
  3338     0739  0272               	subwf	scan_keypad@i,w
  3339     073A                     u1175:
  3340     073A  1803               	skipnc
  3341     073B  2F3D               	goto	u1171
  3342     073C  2F3E               	goto	u1170
  3343     073D                     u1171:
  3344     073D  2F2B               	goto	l1669
  3345     073E                     u1170:
  3346     073E                     l161:
  3347                           
  3348                           ;matrix_keypad.c: 78:     if (RB0 == 0)
  3349     073E  1283               	bcf	3,5	;RP0=0, select bank0
  3350     073F  1303               	bcf	3,6	;RP1=0, select bank0
  3351     0740  1806               	btfsc	6,0	;volatile
  3352     0741  2F43               	goto	u1181
  3353     0742  2F44               	goto	u1180
  3354     0743                     u1181:
  3355     0743  2F46               	goto	l162
  3356     0744                     u1180:
  3357     0744                     l1673:
  3358                           
  3359                           ;matrix_keypad.c: 79:     {;matrix_keypad.c: 80:         return 7;
  3360     0744  3007               	movlw	7
  3361     0745  2F82               	goto	l148
  3362     0746                     l162:	
  3363                           ;matrix_keypad.c: 82:     else if (RB1 == 0)
  3364                           
  3365     0746  1886               	btfsc	6,1	;volatile
  3366     0747  2F49               	goto	u1191
  3367     0748  2F4A               	goto	u1190
  3368     0749                     u1191:
  3369     0749  2F4C               	goto	l164
  3370     074A                     u1190:
  3371     074A                     l1679:
  3372                           
  3373                           ;matrix_keypad.c: 83:     {;matrix_keypad.c: 84:         return 8;
  3374     074A  3008               	movlw	8
  3375     074B  2F82               	goto	l148
  3376     074C                     l164:	
  3377                           ;matrix_keypad.c: 86:     else if (RB2 == 0)
  3378                           
  3379     074C  1906               	btfsc	6,2	;volatile
  3380     074D  2F4F               	goto	u1201
  3381     074E  2F50               	goto	u1200
  3382     074F                     u1201:
  3383     074F  2F52               	goto	l163
  3384     0750                     u1200:
  3385     0750                     l1685:
  3386                           
  3387                           ;matrix_keypad.c: 87:     {;matrix_keypad.c: 88:         return 9;
  3388     0750  3009               	movlw	9
  3389     0751  2F82               	goto	l148
  3390     0752                     l163:
  3391                           
  3392                           ;matrix_keypad.c: 91:     RD3 = 1;
  3393     0752  1588               	bsf	8,3	;volatile
  3394                           
  3395                           ;matrix_keypad.c: 92:     RD2 = 1;
  3396     0753  1508               	bsf	8,2	;volatile
  3397                           
  3398                           ;matrix_keypad.c: 93:     RD1 = 1;
  3399     0754  1488               	bsf	8,1	;volatile
  3400                           
  3401                           ;matrix_keypad.c: 94:     RD0 = 0;
  3402     0755  1008               	bcf	8,0	;volatile
  3403     0756                     l1689:
  3404                           
  3405                           ;matrix_keypad.c: 96:     for (i = 100; i > 0; i--);
  3406     0756  3064               	movlw	100
  3407     0757  00F2               	movwf	scan_keypad@i
  3408     0758  3000               	movlw	0
  3409     0759  00F3               	movwf	scan_keypad@i+1
  3410     075A                     l1695:
  3411     075A  30FF               	movlw	255
  3412     075B  07F2               	addwf	scan_keypad@i,f
  3413     075C  1803               	skipnc
  3414     075D  0AF3               	incf	scan_keypad@i+1,f
  3415     075E  30FF               	movlw	255
  3416     075F  07F3               	addwf	scan_keypad@i+1,f
  3417     0760                     l1697:
  3418     0760  0873               	movf	scan_keypad@i+1,w
  3419     0761  3A80               	xorlw	128
  3420     0762  00FF               	movwf	btemp1
  3421     0763  3080               	movlw	128
  3422     0764  027F               	subwf	btemp1,w
  3423     0765  1D03               	skipz
  3424     0766  2F69               	goto	u1215
  3425     0767  3001               	movlw	1
  3426     0768  0272               	subwf	scan_keypad@i,w
  3427     0769                     u1215:
  3428     0769  1803               	skipnc
  3429     076A  2F6C               	goto	u1211
  3430     076B  2F6D               	goto	u1210
  3431     076C                     u1211:
  3432     076C  2F5A               	goto	l1695
  3433     076D                     u1210:
  3434     076D                     l168:
  3435                           
  3436                           ;matrix_keypad.c: 98:     if (RB0 == 0)
  3437     076D  1283               	bcf	3,5	;RP0=0, select bank0
  3438     076E  1303               	bcf	3,6	;RP1=0, select bank0
  3439     076F  1806               	btfsc	6,0	;volatile
  3440     0770  2F72               	goto	u1221
  3441     0771  2F73               	goto	u1220
  3442     0772                     u1221:
  3443     0772  2F75               	goto	l169
  3444     0773                     u1220:
  3445     0773                     l1699:
  3446                           
  3447                           ;matrix_keypad.c: 99:     {;matrix_keypad.c: 100:         return '*';
  3448     0773  302A               	movlw	42
  3449     0774  2F82               	goto	l148
  3450     0775                     l169:	
  3451                           ;matrix_keypad.c: 102:     else if (RB1 == 0)
  3452                           
  3453     0775  1886               	btfsc	6,1	;volatile
  3454     0776  2F78               	goto	u1231
  3455     0777  2F79               	goto	u1230
  3456     0778                     u1231:
  3457     0778  2F7B               	goto	l171
  3458     0779                     u1230:
  3459     0779                     l1705:
  3460                           
  3461                           ;matrix_keypad.c: 103:     {;matrix_keypad.c: 104:         return 0;
  3462     0779  3000               	movlw	0
  3463     077A  2F82               	goto	l148
  3464     077B                     l171:	
  3465                           ;matrix_keypad.c: 106:     else if (RB2 == 0)
  3466                           
  3467     077B  1906               	btfsc	6,2	;volatile
  3468     077C  2F7E               	goto	u1241
  3469     077D  2F7F               	goto	u1240
  3470     077E                     u1241:
  3471     077E  2F81               	goto	l1715
  3472     077F                     u1240:
  3473     077F                     l1711:
  3474                           
  3475                           ;matrix_keypad.c: 107:     {;matrix_keypad.c: 108:         return '#';
  3476     077F  3023               	movlw	35
  3477     0780  2F82               	goto	l148
  3478     0781                     l1715:
  3479                           
  3480                           ;matrix_keypad.c: 111:     return 0xFF;
  3481     0781  30FF               	movlw	255
  3482     0782                     l148:
  3483     0782  0008               	return
  3484     0783                     __end_of_scan_keypad:
  3485                           
  3486                           	psect	text9
  3487     04E9                     __ptext9:	
  3488 ;; *************** function _init_config *****************
  3489 ;; Defined at:
  3490 ;;		line 15 in file "main.c"
  3491 ;; Parameters:    Size  Location     Type
  3492 ;;		None
  3493 ;; Auto vars:     Size  Location     Type
  3494 ;;		None
  3495 ;; Return value:  Size  Location     Type
  3496 ;;                  1    wreg      void 
  3497 ;; Registers used:
  3498 ;;		wreg, status,2, status,0, pclath, cstack
  3499 ;; Tracked objects:
  3500 ;;		On entry : 0/0
  3501 ;;		On exit  : 0/0
  3502 ;;		Unchanged: 0/0
  3503 ;; Data sizes:     COMMON   BANK0   BANK1   BANK3   BANK2
  3504 ;;      Params:         0       0       0       0       0
  3505 ;;      Locals:         0       0       0       0       0
  3506 ;;      Temps:          0       0       0       0       0
  3507 ;;      Totals:         0       0       0       0       0
  3508 ;;Total ram usage:        0 bytes
  3509 ;; Hardware stack levels used: 1
  3510 ;; Hardware stack levels required when called: 4
  3511 ;; This function calls:
  3512 ;;		_init_clcd
  3513 ;;		_init_matrix_keypad
  3514 ;;		_init_timer2
  3515 ;; This function is called by:
  3516 ;;		_main
  3517 ;; This function uses a non-reentrant model
  3518 ;;
  3519                           
  3520     04E9                     _init_config:	
  3521                           ;psect for function _init_config
  3522                           
  3523     04E9                     l1863:	
  3524                           ;incstack = 0
  3525                           ; Regs used in _init_config: [wreg+status,2+status,0+pclath+cstack]
  3526                           
  3527                           
  3528                           ;main.c: 16:     while (1) {
  3529     04E9  120A  158A  25DA  120A  118A  	fcall	_init_clcd
  3530                           
  3531                           ;main.c: 17: 
  3532     04EE  120A  158A  25F2  120A  118A  	fcall	_init_matrix_keypad
  3533     04F3                     l1865:
  3534                           
  3535                           ;main.c: 18:         key = read_matrix_keypad(1);
  3536     04F3  120A  158A  25E5  120A  118A  	fcall	_init_timer2
  3537     04F8                     l1867:
  3538                           
  3539                           ;main.c: 20:             if(key == 1){
  3540     04F8  1683               	bsf	3,5	;RP0=1, select bank1
  3541     04F9  1303               	bcf	3,6	;RP1=0, select bank1
  3542     04FA  1107               	bcf	7,2	;volatile
  3543     04FB                     l1869:
  3544                           
  3545                           ;main.c: 21:                 screen_flag = 0x30;
  3546     04FB  170B               	bsf	11,6	;volatile
  3547     04FC                     l1871:
  3548                           
  3549                           ;main.c: 22:                 clear_screen();
  3550     04FC  178B               	bsf	11,7	;volatile
  3551     04FD                     l80:
  3552     04FD  0008               	return
  3553     04FE                     __end_of_init_config:
  3554                           
  3555                           	psect	text10
  3556     0DE5                     __ptext10:	
  3557 ;; *************** function _init_timer2 *****************
  3558 ;; Defined at:
  3559 ;;		line 4 in file "timers.c"
  3560 ;; Parameters:    Size  Location     Type
  3561 ;;		None
  3562 ;; Auto vars:     Size  Location     Type
  3563 ;;		None
  3564 ;; Return value:  Size  Location     Type
  3565 ;;                  1    wreg      void 
  3566 ;; Registers used:
  3567 ;;		None
  3568 ;; Tracked objects:
  3569 ;;		On entry : 0/0
  3570 ;;		On exit  : 0/0
  3571 ;;		Unchanged: 0/0
  3572 ;; Data sizes:     COMMON   BANK0   BANK1   BANK3   BANK2
  3573 ;;      Params:         0       0       0       0       0
  3574 ;;      Locals:         0       0       0       0       0
  3575 ;;      Temps:          0       0       0       0       0
  3576 ;;      Totals:         0       0       0       0       0
  3577 ;;Total ram usage:        0 bytes
  3578 ;; Hardware stack levels used: 1
  3579 ;; Hardware stack levels required when called: 1
  3580 ;; This function calls:
  3581 ;;		Nothing
  3582 ;; This function is called by:
  3583 ;;		_init_config
  3584 ;; This function uses a non-reentrant model
  3585 ;;
  3586                           
  3587     0DE5                     _init_timer2:	
  3588                           ;psect for function _init_timer2
  3589                           
  3590     0DE5                     l1613:	
  3591                           ;incstack = 0
  3592                           ; Regs used in _init_timer2: []
  3593                           
  3594                           
  3595                           ;timers.c: 7:     T2CKPS0 = 1;
  3596     0DE5  1283               	bcf	3,5	;RP0=0, select bank0
  3597     0DE6  1303               	bcf	3,6	;RP1=0, select bank0
  3598     0DE7  1412               	bsf	18,0	;volatile
  3599                           
  3600                           ;timers.c: 8:     T2CKPS1 = 1;
  3601     0DE8  1492               	bsf	18,1	;volatile
  3602                           
  3603                           ;timers.c: 11:     PR2 = 250;
  3604     0DE9  30FA               	movlw	250
  3605     0DEA  1683               	bsf	3,5	;RP0=1, select bank1
  3606     0DEB  1303               	bcf	3,6	;RP1=0, select bank1
  3607     0DEC  0092               	movwf	18	;volatile
  3608                           
  3609                           ;timers.c: 14:     TMR2IE = 1;
  3610     0DED  148C               	bsf	12,1	;volatile
  3611                           
  3612                           ;timers.c: 17:     TMR2ON = 0;
  3613     0DEE  1283               	bcf	3,5	;RP0=0, select bank0
  3614     0DEF  1303               	bcf	3,6	;RP1=0, select bank0
  3615     0DF0  1112               	bcf	18,2	;volatile
  3616     0DF1                     l196:
  3617     0DF1  0008               	return
  3618     0DF2                     __end_of_init_timer2:
  3619                           
  3620                           	psect	text11
  3621     0DF2                     __ptext11:	
  3622 ;; *************** function _init_matrix_keypad *****************
  3623 ;; Defined at:
  3624 ;;		line 4 in file "matrix_keypad.c"
  3625 ;; Parameters:    Size  Location     Type
  3626 ;;		None
  3627 ;; Auto vars:     Size  Location     Type
  3628 ;;		None
  3629 ;; Return value:  Size  Location     Type
  3630 ;;                  1    wreg      void 
  3631 ;; Registers used:
  3632 ;;		wreg, status,2
  3633 ;; Tracked objects:
  3634 ;;		On entry : 0/0
  3635 ;;		On exit  : 0/0
  3636 ;;		Unchanged: 0/0
  3637 ;; Data sizes:     COMMON   BANK0   BANK1   BANK3   BANK2
  3638 ;;      Params:         0       0       0       0       0
  3639 ;;      Locals:         0       0       0       0       0
  3640 ;;      Temps:          0       0       0       0       0
  3641 ;;      Totals:         0       0       0       0       0
  3642 ;;Total ram usage:        0 bytes
  3643 ;; Hardware stack levels used: 1
  3644 ;; Hardware stack levels required when called: 1
  3645 ;; This function calls:
  3646 ;;		Nothing
  3647 ;; This function is called by:
  3648 ;;		_init_config
  3649 ;; This function uses a non-reentrant model
  3650 ;;
  3651                           
  3652     0DF2                     _init_matrix_keypad:	
  3653                           ;psect for function _init_matrix_keypad
  3654                           
  3655     0DF2                     l1601:	
  3656                           ;incstack = 0
  3657                           ; Regs used in _init_matrix_keypad: [wreg+status,2]
  3658                           
  3659                           
  3660                           ;matrix_keypad.c: 8:     TRISB = TRISB | 0x07;
  3661     0DF2  1683               	bsf	3,5	;RP0=1, select bank1
  3662     0DF3  1303               	bcf	3,6	;RP1=0, select bank1
  3663     0DF4  0806               	movf	6,w	;volatile
  3664     0DF5  3807               	iorlw	7
  3665     0DF6  0086               	movwf	6	;volatile
  3666                           
  3667                           ;matrix_keypad.c: 12:     TRISD = TRISD & 0xF0;
  3668     0DF7  0808               	movf	8,w	;volatile
  3669     0DF8  39F0               	andlw	240
  3670     0DF9  0088               	movwf	8	;volatile
  3671     0DFA                     l1603:
  3672                           
  3673                           ;matrix_keypad.c: 15:     nRBPU = 0;
  3674     0DFA  1381               	bcf	1,7	;volatile
  3675     0DFB                     l1605:
  3676                           
  3677                           ;matrix_keypad.c: 18:     RD3 = 1;
  3678     0DFB  1283               	bcf	3,5	;RP0=0, select bank0
  3679     0DFC  1303               	bcf	3,6	;RP1=0, select bank0
  3680     0DFD  1588               	bsf	8,3	;volatile
  3681     0DFE                     l1607:
  3682                           
  3683                           ;matrix_keypad.c: 19:     RD2 = 1;
  3684     0DFE  1508               	bsf	8,2	;volatile
  3685     0DFF                     l1609:
  3686                           
  3687                           ;matrix_keypad.c: 20:     RD1 = 1;
  3688     0DFF  1488               	bsf	8,1	;volatile
  3689     0E00                     l1611:
  3690                           
  3691                           ;matrix_keypad.c: 21:     RD0 = 1;
  3692     0E00  1408               	bsf	8,0	;volatile
  3693     0E01                     l141:
  3694     0E01  0008               	return
  3695     0E02                     __end_of_init_matrix_keypad:
  3696                           
  3697                           	psect	text12
  3698     0DDA                     __ptext12:	
  3699 ;; *************** function _init_clcd *****************
  3700 ;; Defined at:
  3701 ;;		line 44 in file "clcd.c"
  3702 ;; Parameters:    Size  Location     Type
  3703 ;;		None
  3704 ;; Auto vars:     Size  Location     Type
  3705 ;;		None
  3706 ;; Return value:  Size  Location     Type
  3707 ;;                  1    wreg      void 
  3708 ;; Registers used:
  3709 ;;		wreg, status,2, status,0, pclath, cstack
  3710 ;; Tracked objects:
  3711 ;;		On entry : 0/0
  3712 ;;		On exit  : 0/0
  3713 ;;		Unchanged: 0/0
  3714 ;; Data sizes:     COMMON   BANK0   BANK1   BANK3   BANK2
  3715 ;;      Params:         0       0       0       0       0
  3716 ;;      Locals:         0       0       0       0       0
  3717 ;;      Temps:          0       0       0       0       0
  3718 ;;      Totals:         0       0       0       0       0
  3719 ;;Total ram usage:        0 bytes
  3720 ;; Hardware stack levels used: 1
  3721 ;; Hardware stack levels required when called: 3
  3722 ;; This function calls:
  3723 ;;		_init_display_controller
  3724 ;; This function is called by:
  3725 ;;		_init_config
  3726 ;; This function uses a non-reentrant model
  3727 ;;
  3728                           
  3729     0DDA                     _init_clcd:	
  3730                           ;psect for function _init_clcd
  3731                           
  3732     0DDA                     l1579:	
  3733                           ;incstack = 0
  3734                           ; Regs used in _init_clcd: [wreg+status,2+status,0+pclath+cstack]
  3735                           
  3736                           
  3737                           ;clcd.c: 47:     TRISD = 0x00;
  3738     0DDA  1683               	bsf	3,5	;RP0=1, select bank1
  3739     0DDB  1303               	bcf	3,6	;RP1=0, select bank1
  3740     0DDC  0188               	clrf	8	;volatile
  3741     0DDD                     l1581:
  3742                           
  3743                           ;clcd.c: 50:     TRISE2 = 0;
  3744     0DDD  1109               	bcf	9,2	;volatile
  3745     0DDE                     l1583:
  3746                           
  3747                           ;clcd.c: 51:     TRISE1 = 0;
  3748     0DDE  1089               	bcf	9,1	;volatile
  3749     0DDF                     l1585:
  3750                           
  3751                           ;clcd.c: 53:     init_display_controller();
  3752     0DDF  120A  118A  2486  120A  158A  	fcall	_init_display_controller
  3753     0DE4                     l23:
  3754     0DE4  0008               	return
  3755     0DE5                     __end_of_init_clcd:
  3756                           
  3757                           	psect	text13
  3758     0486                     __ptext13:	
  3759 ;; *************** function _init_display_controller *****************
  3760 ;; Defined at:
  3761 ;;		line 21 in file "clcd.c"
  3762 ;; Parameters:    Size  Location     Type
  3763 ;;		None
  3764 ;; Auto vars:     Size  Location     Type
  3765 ;;		None
  3766 ;; Return value:  Size  Location     Type
  3767 ;;                  1    wreg      void 
  3768 ;; Registers used:
  3769 ;;		wreg, status,2, status,0, pclath, cstack
  3770 ;; Tracked objects:
  3771 ;;		On entry : 0/0
  3772 ;;		On exit  : 0/0
  3773 ;;		Unchanged: 0/0
  3774 ;; Data sizes:     COMMON   BANK0   BANK1   BANK3   BANK2
  3775 ;;      Params:         0       0       0       0       0
  3776 ;;      Locals:         0       0       0       0       0
  3777 ;;      Temps:          2       0       0       0       0
  3778 ;;      Totals:         2       0       0       0       0
  3779 ;;Total ram usage:        2 bytes
  3780 ;; Hardware stack levels used: 1
  3781 ;; Hardware stack levels required when called: 2
  3782 ;; This function calls:
  3783 ;;		_clcd_write
  3784 ;; This function is called by:
  3785 ;;		_init_clcd
  3786 ;; This function uses a non-reentrant model
  3787 ;;
  3788                           
  3789     0486                     _init_display_controller:	
  3790                           ;psect for function _init_display_controller
  3791                           
  3792     0486                     l1555:	
  3793                           ;incstack = 0
  3794                           ; Regs used in _init_display_controller: [wreg+status,2+status,0+pclath+cstack]
  3795                           
  3796                           
  3797                           ;clcd.c: 24:     _delay((unsigned long)((30)*(20000000/4000.0)));
  3798     0486  30C3               	movlw	195
  3799     0487  00F7               	movwf	??_init_display_controller+1
  3800     0488  30CD               	movlw	205
  3801     0489  00F6               	movwf	??_init_display_controller
  3802     048A                     u2857:
  3803     048A  0BF6               	decfsz	??_init_display_controller,f
  3804     048B  2C8A               	goto	u2857
  3805     048C  0BF7               	decfsz	??_init_display_controller+1,f
  3806     048D  2C8A               	goto	u2857
  3807     048E                     l1557:
  3808                           
  3809                           ;clcd.c: 27:     clcd_write(0x33, 0);
  3810     048E  01F2               	clrf	clcd_write@mode
  3811     048F  3033               	movlw	51
  3812     0490  120A  158A  26BA  120A  118A  	fcall	_clcd_write
  3813     0495                     l1559:
  3814                           
  3815                           ;clcd.c: 28:     _delay((unsigned long)((4100)*(20000000/4000000.0)));
  3816     0495  301B               	movlw	27
  3817     0496  00F7               	movwf	??_init_display_controller+1
  3818     0497  309E               	movlw	158
  3819     0498  00F6               	movwf	??_init_display_controller
  3820     0499                     u2867:
  3821     0499  0BF6               	decfsz	??_init_display_controller,f
  3822     049A  2C99               	goto	u2867
  3823     049B  0BF7               	decfsz	??_init_display_controller+1,f
  3824     049C  2C99               	goto	u2867
  3825     049D  0000               	nop
  3826                           
  3827                           ;clcd.c: 29:     clcd_write(0x33, 0);
  3828     049E  01F2               	clrf	clcd_write@mode
  3829     049F  3033               	movlw	51
  3830     04A0  120A  158A  26BA  120A  118A  	fcall	_clcd_write
  3831     04A5                     l1561:
  3832                           
  3833                           ;clcd.c: 30:     _delay((unsigned long)((100)*(20000000/4000000.0)));
  3834     04A5  30A6               	movlw	166
  3835     04A6  00F6               	movwf	??_init_display_controller
  3836     04A7                     u2877:
  3837     04A7  0BF6               	decfsz	??_init_display_controller,f
  3838     04A8  2CA7               	goto	u2877
  3839     04A9  0000               	nop
  3840     04AA                     l1563:
  3841                           
  3842                           ;clcd.c: 31:     clcd_write(0x33, 0);
  3843     04AA  01F2               	clrf	clcd_write@mode
  3844     04AB  3033               	movlw	51
  3845     04AC  120A  158A  26BA  120A  118A  	fcall	_clcd_write
  3846     04B1                     l1565:
  3847                           
  3848                           ;clcd.c: 32:     _delay((unsigned long)((1)*(20000000/4000000.0)));
  3849     04B1  2CB2               	nop2	;2 cycle nop
  3850     04B2  2CB3               	nop2	;2 cycle nop
  3851     04B3  0000               	nop
  3852     04B4                     l1567:
  3853                           
  3854                           ;clcd.c: 34:     clcd_write(0x02, 0);
  3855     04B4  01F2               	clrf	clcd_write@mode
  3856     04B5  3002               	movlw	2
  3857     04B6  120A  158A  26BA  120A  118A  	fcall	_clcd_write
  3858     04BB                     l1569:
  3859                           
  3860                           ;clcd.c: 35:     _delay((unsigned long)((100)*(20000000/4000000.0)));
  3861     04BB  30A6               	movlw	166
  3862     04BC  00F6               	movwf	??_init_display_controller
  3863     04BD                     u2887:
  3864     04BD  0BF6               	decfsz	??_init_display_controller,f
  3865     04BE  2CBD               	goto	u2887
  3866     04BF  0000               	nop
  3867                           
  3868                           ;clcd.c: 36:     clcd_write(0x28, 0);
  3869     04C0  01F2               	clrf	clcd_write@mode
  3870     04C1  3028               	movlw	40
  3871     04C2  120A  158A  26BA  120A  118A  	fcall	_clcd_write
  3872     04C7                     l1571:
  3873                           
  3874                           ;clcd.c: 37:     _delay((unsigned long)((100)*(20000000/4000000.0)));
  3875     04C7  30A6               	movlw	166
  3876     04C8  00F6               	movwf	??_init_display_controller
  3877     04C9                     u2897:
  3878     04C9  0BF6               	decfsz	??_init_display_controller,f
  3879     04CA  2CC9               	goto	u2897
  3880     04CB  0000               	nop
  3881     04CC                     l1573:
  3882                           
  3883                           ;clcd.c: 38:     clcd_write(0x01, 0);
  3884     04CC  01F2               	clrf	clcd_write@mode
  3885     04CD  3001               	movlw	1
  3886     04CE  120A  158A  26BA  120A  118A  	fcall	_clcd_write
  3887                           
  3888                           ;clcd.c: 39:     _delay((unsigned long)((500)*(20000000/4000000.0)));
  3889     04D3  3004               	movlw	4
  3890     04D4  00F7               	movwf	??_init_display_controller+1
  3891     04D5  303D               	movlw	61
  3892     04D6  00F6               	movwf	??_init_display_controller
  3893     04D7                     u2907:
  3894     04D7  0BF6               	decfsz	??_init_display_controller,f
  3895     04D8  2CD7               	goto	u2907
  3896     04D9  0BF7               	decfsz	??_init_display_controller+1,f
  3897     04DA  2CD7               	goto	u2907
  3898     04DB  2CDC               	nop2
  3899     04DC                     l1575:
  3900                           
  3901                           ;clcd.c: 40:     clcd_write(0x0C, 0);
  3902     04DC  01F2               	clrf	clcd_write@mode
  3903     04DD  300C               	movlw	12
  3904     04DE  120A  158A  26BA  120A  118A  	fcall	_clcd_write
  3905     04E3                     l1577:
  3906                           
  3907                           ;clcd.c: 41:     _delay((unsigned long)((100)*(20000000/4000000.0)));
  3908     04E3  30A6               	movlw	166
  3909     04E4  00F6               	movwf	??_init_display_controller
  3910     04E5                     u2917:
  3911     04E5  0BF6               	decfsz	??_init_display_controller,f
  3912     04E6  2CE5               	goto	u2917
  3913     04E7  0000               	nop
  3914     04E8                     l20:
  3915     04E8  0008               	return
  3916     04E9                     __end_of_init_display_controller:
  3917                           
  3918                           	psect	text14
  3919     0DD0                     __ptext14:	
  3920 ;; *************** function _heat_food *****************
  3921 ;; Defined at:
  3922 ;;		line 202 in file "micro_oven.c"
  3923 ;; Parameters:    Size  Location     Type
  3924 ;;		None
  3925 ;; Auto vars:     Size  Location     Type
  3926 ;;		None
  3927 ;; Return value:  Size  Location     Type
  3928 ;;                  1    wreg      void 
  3929 ;; Registers used:
  3930 ;;		status,2
  3931 ;; Tracked objects:
  3932 ;;		On entry : 0/0
  3933 ;;		On exit  : 0/0
  3934 ;;		Unchanged: 0/0
  3935 ;; Data sizes:     COMMON   BANK0   BANK1   BANK3   BANK2
  3936 ;;      Params:         0       0       0       0       0
  3937 ;;      Locals:         0       0       0       0       0
  3938 ;;      Temps:          0       0       0       0       0
  3939 ;;      Totals:         0       0       0       0       0
  3940 ;;Total ram usage:        0 bytes
  3941 ;; Hardware stack levels used: 1
  3942 ;; Hardware stack levels required when called: 1
  3943 ;; This function calls:
  3944 ;;		Nothing
  3945 ;; This function is called by:
  3946 ;;		_main
  3947 ;; This function uses a non-reentrant model
  3948 ;;
  3949                           
  3950     0DD0                     _heat_food:	
  3951                           ;psect for function _heat_food
  3952                           
  3953     0DD0                     l2113:	
  3954                           ;incstack = 0
  3955                           ; Regs used in _heat_food: [status,2]
  3956                           
  3957                           
  3958                           ;micro_oven.c: 203:     sec = 30;
  3959     0DD0  301E               	movlw	30
  3960     0DD1  1283               	bcf	3,5	;RP0=0, select bank0
  3961     0DD2  1303               	bcf	3,6	;RP1=0, select bank0
  3962     0DD3  00BF               	movwf	_sec
  3963     0DD4                     l2115:
  3964                           
  3965                           ;micro_oven.c: 204:     min = 0;
  3966     0DD4  01BE               	clrf	_min
  3967     0DD5                     l2117:
  3968                           
  3969                           ;micro_oven.c: 205:     TMR2ON = 1;
  3970     0DD5  1512               	bsf	18,2	;volatile
  3971     0DD6                     l2119:
  3972                           
  3973                           ;micro_oven.c: 206:     RC2 = 1;
  3974     0DD6  1507               	bsf	7,2	;volatile
  3975     0DD7                     l2121:
  3976                           
  3977                           ;micro_oven.c: 207:     screen_flag = 0x70;
  3978     0DD7  3070               	movlw	112
  3979     0DD8  00C0               	movwf	_screen_flag
  3980     0DD9                     l286:
  3981     0DD9  0008               	return
  3982     0DDA                     __end_of_heat_food:
  3983                           
  3984                           	psect	text15
  3985     05EB                     __ptext15:	
  3986 ;; *************** function _display_time *****************
  3987 ;; Defined at:
  3988 ;;		line 112 in file "micro_oven.c"
  3989 ;; Parameters:    Size  Location     Type
  3990 ;;		None
  3991 ;; Auto vars:     Size  Location     Type
  3992 ;;		None
  3993 ;; Return value:  Size  Location     Type
  3994 ;;                  1    wreg      void 
  3995 ;; Registers used:
  3996 ;;		wreg, fsr0l, fsr0h, status,2, status,0, pclath, cstack
  3997 ;; Tracked objects:
  3998 ;;		On entry : 0/0
  3999 ;;		On exit  : 0/0
  4000 ;;		Unchanged: 0/0
  4001 ;; Data sizes:     COMMON   BANK0   BANK1   BANK3   BANK2
  4002 ;;      Params:         0       0       0       0       0
  4003 ;;      Locals:         0       0       0       0       0
  4004 ;;      Temps:          0       3       0       0       0
  4005 ;;      Totals:         0       3       0       0       0
  4006 ;;Total ram usage:        3 bytes
  4007 ;; Hardware stack levels used: 1
  4008 ;; Hardware stack levels required when called: 2
  4009 ;; This function calls:
  4010 ;;		___awdiv
  4011 ;;		___awmod
  4012 ;;		_clcd_print
  4013 ;;		_clcd_putch
  4014 ;;		_clear_screen
  4015 ;; This function is called by:
  4016 ;;		_main
  4017 ;; This function uses a non-reentrant model
  4018 ;;
  4019                           
  4020     05EB                     _display_time:	
  4021                           ;psect for function _display_time
  4022                           
  4023     05EB                     l2419:	
  4024                           ;incstack = 0
  4025                           ; Regs used in _display_time: [wreg-fsr0h+status,2+status,0+pclath+cstack]
  4026                           
  4027                           
  4028                           ;micro_oven.c: 113:     clcd_print("TIME =  ",(0x80 + 1));
  4029     05EB  30A7               	movlw	(low ((STR_11-__stringbase)| (0+32768)))& (0+255)
  4030     05EC  00F6               	movwf	clcd_print@str
  4031     05ED  3081               	movlw	129
  4032     05EE  00F7               	movwf	clcd_print@addr
  4033     05EF  120A  158A  264B  120A  118A  	fcall	_clcd_print
  4034     05F4                     l2421:
  4035                           
  4036                           ;micro_oven.c: 114:     clcd_putch( min / 10 + '0',(0x80 + 9));
  4037     05F4  3089               	movlw	137
  4038     05F5  1283               	bcf	3,5	;RP0=0, select bank0
  4039     05F6  1303               	bcf	3,6	;RP1=0, select bank0
  4040     05F7  00A8               	movwf	clcd_putch@addr
  4041     05F8  300A               	movlw	10
  4042     05F9  00F2               	movwf	___awdiv@divisor
  4043     05FA  3000               	movlw	0
  4044     05FB  00F3               	movwf	___awdiv@divisor+1
  4045     05FC  083E               	movf	_min,w
  4046     05FD  00AA               	movwf	??_display_time
  4047     05FE  01AB               	clrf	??_display_time+1
  4048     05FF  082A               	movf	??_display_time,w
  4049     0600  00F4               	movwf	___awdiv@dividend
  4050     0601  082B               	movf	??_display_time+1,w
  4051     0602  00F5               	movwf	___awdiv@dividend+1
  4052     0603  120A  118A  2421  120A  118A  	fcall	___awdiv
  4053     0608  0872               	movf	?___awdiv,w
  4054     0609  3E30               	addlw	48
  4055     060A  120A  158A  2613  120A  118A  	fcall	_clcd_putch
  4056     060F                     l2423:
  4057                           
  4058                           ;micro_oven.c: 115:     clcd_putch( min % 10 + '0',(0x80 + 10));
  4059     060F  308A               	movlw	138
  4060     0610  1283               	bcf	3,5	;RP0=0, select bank0
  4061     0611  1303               	bcf	3,6	;RP1=0, select bank0
  4062     0612  00A8               	movwf	clcd_putch@addr
  4063     0613  300A               	movlw	10
  4064     0614  00A4               	movwf	___awmod@divisor
  4065     0615  3000               	movlw	0
  4066     0616  00A5               	movwf	___awmod@divisor+1
  4067     0617  083E               	movf	_min,w
  4068     0618  00AA               	movwf	??_display_time
  4069     0619  01AB               	clrf	??_display_time+1
  4070     061A  082A               	movf	??_display_time,w
  4071     061B  00A6               	movwf	___awmod@dividend
  4072     061C  082B               	movf	??_display_time+1,w
  4073     061D  00A7               	movwf	___awmod@dividend+1
  4074     061E  120A  158A  27A7  120A  118A  	fcall	___awmod
  4075     0623  1283               	bcf	3,5	;RP0=0, select bank0
  4076     0624  1303               	bcf	3,6	;RP1=0, select bank0
  4077     0625  0824               	movf	?___awmod,w
  4078     0626  3E30               	addlw	48
  4079     0627  120A  158A  2613  120A  118A  	fcall	_clcd_putch
  4080     062C                     l2425:
  4081                           
  4082                           ;micro_oven.c: 116:     clcd_putch(':',(0x80 + 11));
  4083     062C  308B               	movlw	139
  4084     062D  1283               	bcf	3,5	;RP0=0, select bank0
  4085     062E  1303               	bcf	3,6	;RP1=0, select bank0
  4086     062F  00A8               	movwf	clcd_putch@addr
  4087     0630  303A               	movlw	58
  4088     0631  120A  158A  2613  120A  118A  	fcall	_clcd_putch
  4089     0636                     l2427:
  4090                           
  4091                           ;micro_oven.c: 117:     clcd_putch( sec / 10 + '0',(0x80 + 12));
  4092     0636  308C               	movlw	140
  4093     0637  1283               	bcf	3,5	;RP0=0, select bank0
  4094     0638  1303               	bcf	3,6	;RP1=0, select bank0
  4095     0639  00A8               	movwf	clcd_putch@addr
  4096     063A  300A               	movlw	10
  4097     063B  00F2               	movwf	___awdiv@divisor
  4098     063C  3000               	movlw	0
  4099     063D  00F3               	movwf	___awdiv@divisor+1
  4100     063E  083F               	movf	_sec,w
  4101     063F  00AA               	movwf	??_display_time
  4102     0640  01AB               	clrf	??_display_time+1
  4103     0641  082A               	movf	??_display_time,w
  4104     0642  00F4               	movwf	___awdiv@dividend
  4105     0643  082B               	movf	??_display_time+1,w
  4106     0644  00F5               	movwf	___awdiv@dividend+1
  4107     0645  120A  118A  2421  120A  118A  	fcall	___awdiv
  4108     064A  0872               	movf	?___awdiv,w
  4109     064B  3E30               	addlw	48
  4110     064C  120A  158A  2613  120A  118A  	fcall	_clcd_putch
  4111     0651                     l2429:
  4112                           
  4113                           ;micro_oven.c: 118:     clcd_putch( sec % 10 + '0',(0x80 + 13));
  4114     0651  308D               	movlw	141
  4115     0652  1283               	bcf	3,5	;RP0=0, select bank0
  4116     0653  1303               	bcf	3,6	;RP1=0, select bank0
  4117     0654  00A8               	movwf	clcd_putch@addr
  4118     0655  300A               	movlw	10
  4119     0656  00A4               	movwf	___awmod@divisor
  4120     0657  3000               	movlw	0
  4121     0658  00A5               	movwf	___awmod@divisor+1
  4122     0659  083F               	movf	_sec,w
  4123     065A  00AA               	movwf	??_display_time
  4124     065B  01AB               	clrf	??_display_time+1
  4125     065C  082A               	movf	??_display_time,w
  4126     065D  00A6               	movwf	___awmod@dividend
  4127     065E  082B               	movf	??_display_time+1,w
  4128     065F  00A7               	movwf	___awmod@dividend+1
  4129     0660  120A  158A  27A7  120A  118A  	fcall	___awmod
  4130     0665  1283               	bcf	3,5	;RP0=0, select bank0
  4131     0666  1303               	bcf	3,6	;RP1=0, select bank0
  4132     0667  0824               	movf	?___awmod,w
  4133     0668  3E30               	addlw	48
  4134     0669  120A  158A  2613  120A  118A  	fcall	_clcd_putch
  4135     066E                     l2431:
  4136                           
  4137                           ;micro_oven.c: 119:     clcd_print("4.START/RESUME",(0xC0 + 2));
  4138     066E  3033               	movlw	(low ((STR_12-__stringbase)| (0+32768)))& (0+255)
  4139     066F  00F6               	movwf	clcd_print@str
  4140     0670  30C2               	movlw	194
  4141     0671  00F7               	movwf	clcd_print@addr
  4142     0672  120A  158A  264B  120A  118A  	fcall	_clcd_print
  4143     0677                     l2433:
  4144                           
  4145                           ;micro_oven.c: 120:     clcd_print("5.PAUSE",(0x90 + 2));
  4146     0677  30CB               	movlw	(low ((STR_13-__stringbase)| (0+32768)))& (0+255)
  4147     0678  00F6               	movwf	clcd_print@str
  4148     0679  3092               	movlw	146
  4149     067A  00F7               	movwf	clcd_print@addr
  4150     067B  120A  158A  264B  120A  118A  	fcall	_clcd_print
  4151     0680                     l2435:
  4152                           
  4153                           ;micro_oven.c: 121:     clcd_print("6.STOP",(0xD0 + 2));
  4154     0680  30D3               	movlw	(low ((STR_14-__stringbase)| (0+32768)))& (0+255)
  4155     0681  00F6               	movwf	clcd_print@str
  4156     0682  30D2               	movlw	210
  4157     0683  00F7               	movwf	clcd_print@addr
  4158     0684  120A  158A  264B  120A  118A  	fcall	_clcd_print
  4159     0689                     l2437:
  4160                           
  4161                           ;micro_oven.c: 123:     if(min == 0 && sec == 0){
  4162     0689  1283               	bcf	3,5	;RP0=0, select bank0
  4163     068A  1303               	bcf	3,6	;RP1=0, select bank0
  4164     068B  083E               	movf	_min,w
  4165     068C  1D03               	btfss	3,2
  4166     068D  2E8F               	goto	u2571
  4167     068E  2E90               	goto	u2570
  4168     068F                     u2571:
  4169     068F  2EC7               	goto	l260
  4170     0690                     u2570:
  4171     0690                     l2439:
  4172     0690  083F               	movf	_sec,w
  4173     0691  1D03               	btfss	3,2
  4174     0692  2E94               	goto	u2581
  4175     0693  2E95               	goto	u2580
  4176     0694                     u2581:
  4177     0694  2EC7               	goto	l260
  4178     0695                     u2580:
  4179     0695                     l2441:
  4180                           
  4181                           ;micro_oven.c: 124:         clear_screen();
  4182     0695  120A  158A  2602  120A  118A  	fcall	_clear_screen
  4183     069A                     l2443:
  4184                           
  4185                           ;micro_oven.c: 125:         TMR2ON = 0;
  4186     069A  1283               	bcf	3,5	;RP0=0, select bank0
  4187     069B  1303               	bcf	3,6	;RP1=0, select bank0
  4188     069C  1112               	bcf	18,2	;volatile
  4189     069D                     l2445:
  4190                           
  4191                           ;micro_oven.c: 126:         RC2 = 0;
  4192     069D  1107               	bcf	7,2	;volatile
  4193     069E                     l2447:
  4194                           
  4195                           ;micro_oven.c: 127:         clcd_print("TIME UP!!!",(0xC0 + 4));
  4196     069E  3092               	movlw	(low ((STR_15-__stringbase)| (0+32768)))& (0+255)
  4197     069F  00F6               	movwf	clcd_print@str
  4198     06A0  30C4               	movlw	196
  4199     06A1  00F7               	movwf	clcd_print@addr
  4200     06A2  120A  158A  264B  120A  118A  	fcall	_clcd_print
  4201     06A7                     l2449:
  4202                           
  4203                           ;micro_oven.c: 128:         clcd_print("ENJOY YOUR MEAL",(0x90 + 0));
  4204     06A7  3023               	movlw	(low ((STR_16-__stringbase)| (0+32768)))& (0+255)
  4205     06A8  00F6               	movwf	clcd_print@str
  4206     06A9  3090               	movlw	144
  4207     06AA  00F7               	movwf	clcd_print@addr
  4208     06AB  120A  158A  264B  120A  118A  	fcall	_clcd_print
  4209     06B0                     l2451:
  4210                           
  4211                           ;micro_oven.c: 129:         _delay((unsigned long)((2000)*(20000000/4000.0)));
  4212     06B0  3033               	movlw	51
  4213     06B1  1283               	bcf	3,5	;RP0=0, select bank0
  4214     06B2  1303               	bcf	3,6	;RP1=0, select bank0
  4215     06B3  00AC               	movwf	??_display_time+2
  4216     06B4  30BB               	movlw	187
  4217     06B5  00AB               	movwf	??_display_time+1
  4218     06B6  30DF               	movlw	223
  4219     06B7  00AA               	movwf	??_display_time
  4220     06B8                     u2927:
  4221     06B8  0BAA               	decfsz	??_display_time,f
  4222     06B9  2EB8               	goto	u2927
  4223     06BA  0BAB               	decfsz	??_display_time+1,f
  4224     06BB  2EB8               	goto	u2927
  4225     06BC  0BAC               	decfsz	??_display_time+2,f
  4226     06BD  2EB8               	goto	u2927
  4227     06BE                     l2453:
  4228                           
  4229                           ;micro_oven.c: 130:         clear_screen();
  4230     06BE  120A  158A  2602  120A  118A  	fcall	_clear_screen
  4231     06C3                     l2455:
  4232                           
  4233                           ;micro_oven.c: 131:         screen_flag = 0x20;
  4234     06C3  3020               	movlw	32
  4235     06C4  1283               	bcf	3,5	;RP0=0, select bank0
  4236     06C5  1303               	bcf	3,6	;RP1=0, select bank0
  4237     06C6  00C0               	movwf	_screen_flag
  4238     06C7                     l260:
  4239     06C7  0008               	return
  4240     06C8                     __end_of_display_time:
  4241                           
  4242                           	psect	text16
  4243     0E02                     __ptext16:	
  4244 ;; *************** function _clear_screen *****************
  4245 ;; Defined at:
  4246 ;;		line 72 in file "clcd.c"
  4247 ;; Parameters:    Size  Location     Type
  4248 ;;		None
  4249 ;; Auto vars:     Size  Location     Type
  4250 ;;		None
  4251 ;; Return value:  Size  Location     Type
  4252 ;;                  1    wreg      void 
  4253 ;; Registers used:
  4254 ;;		wreg, status,2, status,0, pclath, cstack
  4255 ;; Tracked objects:
  4256 ;;		On entry : 0/0
  4257 ;;		On exit  : 0/0
  4258 ;;		Unchanged: 0/0
  4259 ;; Data sizes:     COMMON   BANK0   BANK1   BANK3   BANK2
  4260 ;;      Params:         0       0       0       0       0
  4261 ;;      Locals:         0       0       0       0       0
  4262 ;;      Temps:          2       0       0       0       0
  4263 ;;      Totals:         2       0       0       0       0
  4264 ;;Total ram usage:        2 bytes
  4265 ;; Hardware stack levels used: 1
  4266 ;; Hardware stack levels required when called: 1
  4267 ;; This function calls:
  4268 ;;		_clcd_write
  4269 ;; This function is called by:
  4270 ;;		_main
  4271 ;;		_set_time
  4272 ;;		_display_time
  4273 ;;		_set_temp
  4274 ;; This function uses a non-reentrant model
  4275 ;;
  4276                           
  4277     0E02                     _clear_screen:	
  4278                           ;psect for function _clear_screen
  4279                           
  4280     0E02                     l1597:	
  4281                           ;incstack = 0
  4282                           ; Regs used in _clear_screen: [wreg+status,2+status,0+pclath+cstack]
  4283                           
  4284                           
  4285                           ;clcd.c: 73:        clcd_write(0x01, 0);
  4286     0E02  01F2               	clrf	clcd_write@mode
  4287     0E03  3001               	movlw	1
  4288     0E04  120A  158A  26BA  120A  158A  	fcall	_clcd_write
  4289     0E09                     l1599:
  4290                           
  4291                           ;clcd.c: 74:     _delay((unsigned long)((500)*(20000000/4000000.0)));
  4292     0E09  3004               	movlw	4
  4293     0E0A  00F7               	movwf	??_clear_screen+1
  4294     0E0B  303D               	movlw	61
  4295     0E0C  00F6               	movwf	??_clear_screen
  4296     0E0D                     u2937:
  4297     0E0D  0BF6               	decfsz	??_clear_screen,f
  4298     0E0E  2E0D               	goto	u2937
  4299     0E0F  0BF7               	decfsz	??_clear_screen+1,f
  4300     0E10  2E0D               	goto	u2937
  4301     0E11  2E12               	nop2
  4302     0E12                     l35:
  4303     0E12  0008               	return
  4304     0E13                     __end_of_clear_screen:
  4305                           
  4306                           	psect	text17
  4307     0FA7                     __ptext17:	
  4308 ;; *************** function ___awmod *****************
  4309 ;; Defined at:
  4310 ;;		line 5 in file "C:\Program Files\Microchip\xc8\v3.10\pic\sources\c99\common\awmod.c"
  4311 ;; Parameters:    Size  Location     Type
  4312 ;;  divisor         2    4[BANK0 ] int 
  4313 ;;  dividend        2    6[BANK0 ] int 
  4314 ;; Auto vars:     Size  Location     Type
  4315 ;;  sign            1    7[COMMON] unsigned char 
  4316 ;;  counter         1    6[COMMON] unsigned char 
  4317 ;; Return value:  Size  Location     Type
  4318 ;;                  2    4[BANK0 ] int 
  4319 ;; Registers used:
  4320 ;;		wreg, status,2, status,0
  4321 ;; Tracked objects:
  4322 ;;		On entry : 0/0
  4323 ;;		On exit  : 0/0
  4324 ;;		Unchanged: 0/0
  4325 ;; Data sizes:     COMMON   BANK0   BANK1   BANK3   BANK2
  4326 ;;      Params:         0       4       0       0       0
  4327 ;;      Locals:         2       0       0       0       0
  4328 ;;      Temps:          0       0       0       0       0
  4329 ;;      Totals:         2       4       0       0       0
  4330 ;;Total ram usage:        6 bytes
  4331 ;; Hardware stack levels used: 1
  4332 ;; Hardware stack levels required when called: 1
  4333 ;; This function calls:
  4334 ;;		Nothing
  4335 ;; This function is called by:
  4336 ;;		_set_temp
  4337 ;;		_set_time
  4338 ;;		_display_time
  4339 ;; This function uses a non-reentrant model
  4340 ;;
  4341                           
  4342     0FA7                     ___awmod:	
  4343                           ;psect for function ___awmod
  4344                           
  4345     0FA7                     l2289:	
  4346                           ;incstack = 0
  4347                           ; Regs used in ___awmod: [wreg+status,2+status,0]
  4348                           
  4349     0FA7  01F7               	clrf	___awmod@sign
  4350     0FA8                     l2291:
  4351     0FA8  1283               	bcf	3,5	;RP0=0, select bank0
  4352     0FA9  1303               	bcf	3,6	;RP1=0, select bank0
  4353     0FAA  1FA7               	btfss	___awmod@dividend+1,7
  4354     0FAB  2FAD               	goto	u2271
  4355     0FAC  2FAE               	goto	u2270
  4356     0FAD                     u2271:
  4357     0FAD  2FB5               	goto	l2297
  4358     0FAE                     u2270:
  4359     0FAE                     l2293:
  4360     0FAE  09A6               	comf	___awmod@dividend,f
  4361     0FAF  09A7               	comf	___awmod@dividend+1,f
  4362     0FB0  0AA6               	incf	___awmod@dividend,f
  4363     0FB1  1903               	skipnz
  4364     0FB2  0AA7               	incf	___awmod@dividend+1,f
  4365     0FB3                     l2295:
  4366     0FB3  3001               	movlw	1
  4367     0FB4  00F7               	movwf	___awmod@sign
  4368     0FB5                     l2297:
  4369     0FB5  1FA5               	btfss	___awmod@divisor+1,7
  4370     0FB6  2FB8               	goto	u2281
  4371     0FB7  2FB9               	goto	u2280
  4372     0FB8                     u2281:
  4373     0FB8  2FBE               	goto	l2301
  4374     0FB9                     u2280:
  4375     0FB9                     l2299:
  4376     0FB9  09A4               	comf	___awmod@divisor,f
  4377     0FBA  09A5               	comf	___awmod@divisor+1,f
  4378     0FBB  0AA4               	incf	___awmod@divisor,f
  4379     0FBC  1903               	skipnz
  4380     0FBD  0AA5               	incf	___awmod@divisor+1,f
  4381     0FBE                     l2301:
  4382     0FBE  0824               	movf	___awmod@divisor,w
  4383     0FBF  0425               	iorwf	___awmod@divisor+1,w
  4384     0FC0  1903               	btfsc	3,2
  4385     0FC1  2FC3               	goto	u2291
  4386     0FC2  2FC4               	goto	u2290
  4387     0FC3                     u2291:
  4388     0FC3  2FF1               	goto	l2319
  4389     0FC4                     u2290:
  4390     0FC4                     l2303:
  4391     0FC4  3001               	movlw	1
  4392     0FC5  00F6               	movwf	___awmod@counter
  4393     0FC6  2FD0               	goto	l2309
  4394     0FC7                     l2305:
  4395     0FC7  3001               	movlw	1
  4396     0FC8                     u2305:
  4397     0FC8  1003               	clrc
  4398     0FC9  0DA4               	rlf	___awmod@divisor,f
  4399     0FCA  0DA5               	rlf	___awmod@divisor+1,f
  4400     0FCB  3EFF               	addlw	-1
  4401     0FCC  1D03               	skipz
  4402     0FCD  2FC8               	goto	u2305
  4403     0FCE                     l2307:
  4404     0FCE  3001               	movlw	1
  4405     0FCF  07F6               	addwf	___awmod@counter,f
  4406     0FD0                     l2309:
  4407     0FD0  1FA5               	btfss	___awmod@divisor+1,7
  4408     0FD1  2FD3               	goto	u2311
  4409     0FD2  2FD4               	goto	u2310
  4410     0FD3                     u2311:
  4411     0FD3  2FC7               	goto	l2305
  4412     0FD4                     u2310:
  4413     0FD4                     l2311:
  4414     0FD4  0825               	movf	___awmod@divisor+1,w
  4415     0FD5  0227               	subwf	___awmod@dividend+1,w
  4416     0FD6  1D03               	skipz
  4417     0FD7  2FDA               	goto	u2325
  4418     0FD8  0824               	movf	___awmod@divisor,w
  4419     0FD9  0226               	subwf	___awmod@dividend,w
  4420     0FDA                     u2325:
  4421     0FDA  1C03               	skipc
  4422     0FDB  2FDD               	goto	u2321
  4423     0FDC  2FDE               	goto	u2320
  4424     0FDD                     u2321:
  4425     0FDD  2FE4               	goto	l2315
  4426     0FDE                     u2320:
  4427     0FDE                     l2313:
  4428     0FDE  0824               	movf	___awmod@divisor,w
  4429     0FDF  02A6               	subwf	___awmod@dividend,f
  4430     0FE0  0825               	movf	___awmod@divisor+1,w
  4431     0FE1  1C03               	skipc
  4432     0FE2  03A7               	decf	___awmod@dividend+1,f
  4433     0FE3  02A7               	subwf	___awmod@dividend+1,f
  4434     0FE4                     l2315:
  4435     0FE4  3001               	movlw	1
  4436     0FE5                     u2335:
  4437     0FE5  1003               	clrc
  4438     0FE6  0CA5               	rrf	___awmod@divisor+1,f
  4439     0FE7  0CA4               	rrf	___awmod@divisor,f
  4440     0FE8  3EFF               	addlw	-1
  4441     0FE9  1D03               	skipz
  4442     0FEA  2FE5               	goto	u2335
  4443     0FEB                     l2317:
  4444     0FEB  3001               	movlw	1
  4445     0FEC  02F6               	subwf	___awmod@counter,f
  4446     0FED  1D03               	btfss	3,2
  4447     0FEE  2FF0               	goto	u2341
  4448     0FEF  2FF1               	goto	u2340
  4449     0FF0                     u2341:
  4450     0FF0  2FD4               	goto	l2311
  4451     0FF1                     u2340:
  4452     0FF1                     l2319:
  4453     0FF1  0877               	movf	___awmod@sign,w
  4454     0FF2  1903               	btfsc	3,2
  4455     0FF3  2FF5               	goto	u2351
  4456     0FF4  2FF6               	goto	u2350
  4457     0FF5                     u2351:
  4458     0FF5  2FFB               	goto	l2323
  4459     0FF6                     u2350:
  4460     0FF6                     l2321:
  4461     0FF6  09A6               	comf	___awmod@dividend,f
  4462     0FF7  09A7               	comf	___awmod@dividend+1,f
  4463     0FF8  0AA6               	incf	___awmod@dividend,f
  4464     0FF9  1903               	skipnz
  4465     0FFA  0AA7               	incf	___awmod@dividend+1,f
  4466     0FFB                     l2323:
  4467     0FFB  0827               	movf	___awmod@dividend+1,w
  4468     0FFC  00A5               	movwf	?___awmod+1
  4469     0FFD  0826               	movf	___awmod@dividend,w
  4470     0FFE  00A4               	movwf	?___awmod
  4471     0FFF                     l559:
  4472     0FFF  0008               	return
  4473     1000                     __end_of___awmod:
  4474                           
  4475                           	psect	text18
  4476     0421                     __ptext18:	
  4477 ;; *************** function ___awdiv *****************
  4478 ;; Defined at:
  4479 ;;		line 5 in file "C:\Program Files\Microchip\xc8\v3.10\pic\sources\c99\common\awdiv.c"
  4480 ;; Parameters:    Size  Location     Type
  4481 ;;  divisor         2    2[COMMON] int 
  4482 ;;  dividend        2    4[COMMON] int 
  4483 ;; Auto vars:     Size  Location     Type
  4484 ;;  quotient        2    2[BANK0 ] int 
  4485 ;;  sign            1    1[BANK0 ] unsigned char 
  4486 ;;  counter         1    0[BANK0 ] unsigned char 
  4487 ;; Return value:  Size  Location     Type
  4488 ;;                  2    2[COMMON] int 
  4489 ;; Registers used:
  4490 ;;		wreg, status,2, status,0
  4491 ;; Tracked objects:
  4492 ;;		On entry : 0/0
  4493 ;;		On exit  : 0/0
  4494 ;;		Unchanged: 0/0
  4495 ;; Data sizes:     COMMON   BANK0   BANK1   BANK3   BANK2
  4496 ;;      Params:         4       0       0       0       0
  4497 ;;      Locals:         0       4       0       0       0
  4498 ;;      Temps:          0       0       0       0       0
  4499 ;;      Totals:         4       4       0       0       0
  4500 ;;Total ram usage:        8 bytes
  4501 ;; Hardware stack levels used: 1
  4502 ;; Hardware stack levels required when called: 1
  4503 ;; This function calls:
  4504 ;;		Nothing
  4505 ;; This function is called by:
  4506 ;;		_set_temp
  4507 ;;		_set_time
  4508 ;;		_display_time
  4509 ;; This function uses a non-reentrant model
  4510 ;;
  4511                           
  4512     0421                     ___awdiv:	
  4513                           ;psect for function ___awdiv
  4514                           
  4515     0421                     l2245:	
  4516                           ;incstack = 0
  4517                           ; Regs used in ___awdiv: [wreg+status,2+status,0]
  4518                           
  4519     0421  1283               	bcf	3,5	;RP0=0, select bank0
  4520     0422  1303               	bcf	3,6	;RP1=0, select bank0
  4521     0423  01A1               	clrf	___awdiv@sign
  4522     0424                     l2247:
  4523     0424  1FF3               	btfss	___awdiv@divisor+1,7
  4524     0425  2C27               	goto	u2171
  4525     0426  2C28               	goto	u2170
  4526     0427                     u2171:
  4527     0427  2C2F               	goto	l2253
  4528     0428                     u2170:
  4529     0428                     l2249:
  4530     0428  09F2               	comf	___awdiv@divisor,f
  4531     0429  09F3               	comf	___awdiv@divisor+1,f
  4532     042A  0AF2               	incf	___awdiv@divisor,f
  4533     042B  1903               	skipnz
  4534     042C  0AF3               	incf	___awdiv@divisor+1,f
  4535     042D                     l2251:
  4536     042D  3001               	movlw	1
  4537     042E  00A1               	movwf	___awdiv@sign
  4538     042F                     l2253:
  4539     042F  1FF5               	btfss	___awdiv@dividend+1,7
  4540     0430  2C32               	goto	u2181
  4541     0431  2C33               	goto	u2180
  4542     0432                     u2181:
  4543     0432  2C3A               	goto	l2259
  4544     0433                     u2180:
  4545     0433                     l2255:
  4546     0433  09F4               	comf	___awdiv@dividend,f
  4547     0434  09F5               	comf	___awdiv@dividend+1,f
  4548     0435  0AF4               	incf	___awdiv@dividend,f
  4549     0436  1903               	skipnz
  4550     0437  0AF5               	incf	___awdiv@dividend+1,f
  4551     0438                     l2257:
  4552     0438  3001               	movlw	1
  4553     0439  06A1               	xorwf	___awdiv@sign,f
  4554     043A                     l2259:
  4555     043A  01A2               	clrf	___awdiv@quotient
  4556     043B  01A3               	clrf	___awdiv@quotient+1
  4557     043C                     l2261:
  4558     043C  0872               	movf	___awdiv@divisor,w
  4559     043D  0473               	iorwf	___awdiv@divisor+1,w
  4560     043E  1903               	btfsc	3,2
  4561     043F  2C41               	goto	u2191
  4562     0440  2C42               	goto	u2190
  4563     0441                     u2191:
  4564     0441  2C77               	goto	l2281
  4565     0442                     u2190:
  4566     0442                     l2263:
  4567     0442  3001               	movlw	1
  4568     0443  00A0               	movwf	___awdiv@counter
  4569     0444  2C4E               	goto	l2269
  4570     0445                     l2265:
  4571     0445  3001               	movlw	1
  4572     0446                     u2205:
  4573     0446  1003               	clrc
  4574     0447  0DF2               	rlf	___awdiv@divisor,f
  4575     0448  0DF3               	rlf	___awdiv@divisor+1,f
  4576     0449  3EFF               	addlw	-1
  4577     044A  1D03               	skipz
  4578     044B  2C46               	goto	u2205
  4579     044C                     l2267:
  4580     044C  3001               	movlw	1
  4581     044D  07A0               	addwf	___awdiv@counter,f
  4582     044E                     l2269:
  4583     044E  1FF3               	btfss	___awdiv@divisor+1,7
  4584     044F  2C51               	goto	u2211
  4585     0450  2C52               	goto	u2210
  4586     0451                     u2211:
  4587     0451  2C45               	goto	l2265
  4588     0452                     u2210:
  4589     0452                     l2271:
  4590     0452  3001               	movlw	1
  4591     0453                     u2225:
  4592     0453  1003               	clrc
  4593     0454  0DA2               	rlf	___awdiv@quotient,f
  4594     0455  0DA3               	rlf	___awdiv@quotient+1,f
  4595     0456  3EFF               	addlw	-1
  4596     0457  1D03               	skipz
  4597     0458  2C53               	goto	u2225
  4598     0459  0873               	movf	___awdiv@divisor+1,w
  4599     045A  0275               	subwf	___awdiv@dividend+1,w
  4600     045B  1D03               	skipz
  4601     045C  2C5F               	goto	u2235
  4602     045D  0872               	movf	___awdiv@divisor,w
  4603     045E  0274               	subwf	___awdiv@dividend,w
  4604     045F                     u2235:
  4605     045F  1C03               	skipc
  4606     0460  2C62               	goto	u2231
  4607     0461  2C63               	goto	u2230
  4608     0462                     u2231:
  4609     0462  2C6A               	goto	l2277
  4610     0463                     u2230:
  4611     0463                     l2273:
  4612     0463  0872               	movf	___awdiv@divisor,w
  4613     0464  02F4               	subwf	___awdiv@dividend,f
  4614     0465  0873               	movf	___awdiv@divisor+1,w
  4615     0466  1C03               	skipc
  4616     0467  03F5               	decf	___awdiv@dividend+1,f
  4617     0468  02F5               	subwf	___awdiv@dividend+1,f
  4618     0469                     l2275:
  4619     0469  1422               	bsf	___awdiv@quotient,0
  4620     046A                     l2277:
  4621     046A  3001               	movlw	1
  4622     046B                     u2245:
  4623     046B  1003               	clrc
  4624     046C  0CF3               	rrf	___awdiv@divisor+1,f
  4625     046D  0CF2               	rrf	___awdiv@divisor,f
  4626     046E  3EFF               	addlw	-1
  4627     046F  1D03               	skipz
  4628     0470  2C6B               	goto	u2245
  4629     0471                     l2279:
  4630     0471  3001               	movlw	1
  4631     0472  02A0               	subwf	___awdiv@counter,f
  4632     0473  1D03               	btfss	3,2
  4633     0474  2C76               	goto	u2251
  4634     0475  2C77               	goto	u2250
  4635     0476                     u2251:
  4636     0476  2C52               	goto	l2271
  4637     0477                     u2250:
  4638     0477                     l2281:
  4639     0477  0821               	movf	___awdiv@sign,w
  4640     0478  1903               	btfsc	3,2
  4641     0479  2C7B               	goto	u2261
  4642     047A  2C7C               	goto	u2260
  4643     047B                     u2261:
  4644     047B  2C81               	goto	l2285
  4645     047C                     u2260:
  4646     047C                     l2283:
  4647     047C  09A2               	comf	___awdiv@quotient,f
  4648     047D  09A3               	comf	___awdiv@quotient+1,f
  4649     047E  0AA2               	incf	___awdiv@quotient,f
  4650     047F  1903               	skipnz
  4651     0480  0AA3               	incf	___awdiv@quotient+1,f
  4652     0481                     l2285:
  4653     0481  0823               	movf	___awdiv@quotient+1,w
  4654     0482  00F3               	movwf	?___awdiv+1
  4655     0483  0822               	movf	___awdiv@quotient,w
  4656     0484  00F2               	movwf	?___awdiv
  4657     0485                     l546:
  4658     0485  0008               	return
  4659     0486                     __end_of___awdiv:
  4660                           
  4661                           	psect	text19
  4662     0783                     __ptext19:	
  4663 ;; *************** function _display_power_screen *****************
  4664 ;; Defined at:
  4665 ;;		line 12 in file "micro_oven.c"
  4666 ;; Parameters:    Size  Location     Type
  4667 ;;		None
  4668 ;; Auto vars:     Size  Location     Type
  4669 ;;  i               1   14[BANK0 ] unsigned char 
  4670 ;;  i               1   13[BANK0 ] unsigned char 
  4671 ;; Return value:  Size  Location     Type
  4672 ;;                  1    wreg      void 
  4673 ;; Registers used:
  4674 ;;		wreg, fsr0l, fsr0h, status,2, status,0, pclath, cstack
  4675 ;; Tracked objects:
  4676 ;;		On entry : 0/0
  4677 ;;		On exit  : 0/0
  4678 ;;		Unchanged: 0/0
  4679 ;; Data sizes:     COMMON   BANK0   BANK1   BANK3   BANK2
  4680 ;;      Params:         0       0       0       0       0
  4681 ;;      Locals:         0       2       0       0       0
  4682 ;;      Temps:          0       3       0       0       0
  4683 ;;      Totals:         0       5       0       0       0
  4684 ;;Total ram usage:        5 bytes
  4685 ;; Hardware stack levels used: 1
  4686 ;; Hardware stack levels required when called: 3
  4687 ;; This function calls:
  4688 ;;		_clcd_print
  4689 ;;		_clcd_putch
  4690 ;; This function is called by:
  4691 ;;		_main
  4692 ;; This function uses a non-reentrant model
  4693 ;;
  4694                           
  4695     0783                     _display_power_screen:	
  4696                           ;psect for function _display_power_screen
  4697                           
  4698     0783                     l1903:	
  4699                           ;incstack = 0
  4700                           ; Regs used in _display_power_screen: [wreg-fsr0h+status,2+status,0+pclath+cstack]
  4701                           
  4702                           
  4703                           ;micro_oven.c: 13:     for(unsigned char i =0;i<16;i++){
  4704     0783  1283               	bcf	3,5	;RP0=0, select bank0
  4705     0784  1303               	bcf	3,6	;RP1=0, select bank0
  4706     0785  01AD               	clrf	display_power_screen@i
  4707     0786                     l1909:
  4708                           
  4709                           ;micro_oven.c: 14:     clcd_putch(0xFF,(0x80 + i));
  4710     0786  082D               	movf	display_power_screen@i,w
  4711     0787  3E80               	addlw	128
  4712     0788  00A8               	movwf	clcd_putch@addr
  4713     0789  30FF               	movlw	255
  4714     078A  120A  158A  2613  120A  118A  	fcall	_clcd_putch
  4715     078F                     l1911:
  4716                           
  4717                           ;micro_oven.c: 15:     _delay((unsigned long)((100)*(20000000/4000.0)));
  4718     078F  3003               	movlw	3
  4719     0790  1283               	bcf	3,5	;RP0=0, select bank0
  4720     0791  1303               	bcf	3,6	;RP1=0, select bank0
  4721     0792  00AC               	movwf	??_display_power_screen+2
  4722     0793  308A               	movlw	138
  4723     0794  00AB               	movwf	??_display_power_screen+1
  4724     0795  3055               	movlw	85
  4725     0796  00AA               	movwf	??_display_power_screen
  4726     0797                     u2947:
  4727     0797  0BAA               	decfsz	??_display_power_screen,f
  4728     0798  2F97               	goto	u2947
  4729     0799  0BAB               	decfsz	??_display_power_screen+1,f
  4730     079A  2F97               	goto	u2947
  4731     079B  0BAC               	decfsz	??_display_power_screen+2,f
  4732     079C  2F97               	goto	u2947
  4733     079D                     l1913:
  4734                           
  4735                           ;micro_oven.c: 16:     }
  4736     079D  3001               	movlw	1
  4737     079E  1283               	bcf	3,5	;RP0=0, select bank0
  4738     079F  1303               	bcf	3,6	;RP1=0, select bank0
  4739     07A0  07AD               	addwf	display_power_screen@i,f
  4740     07A1                     l1915:
  4741     07A1  3010               	movlw	16
  4742     07A2  022D               	subwf	display_power_screen@i,w
  4743     07A3  1C03               	skipc
  4744     07A4  2FA6               	goto	u1651
  4745     07A5  2FA7               	goto	u1650
  4746     07A6                     u1651:
  4747     07A6  2F86               	goto	l1909
  4748     07A7                     u1650:
  4749     07A7                     l1917:
  4750                           
  4751                           ;micro_oven.c: 18:     clcd_print("Powering ON",(0xC0 + 3));
  4752     07A7  307A               	movlw	(low ((STR_2-__stringbase)| (0+32768)))& (0+255)
  4753     07A8  00F6               	movwf	clcd_print@str
  4754     07A9  30C3               	movlw	195
  4755     07AA  00F7               	movwf	clcd_print@addr
  4756     07AB  120A  158A  264B  120A  118A  	fcall	_clcd_print
  4757                           
  4758                           ;micro_oven.c: 20:     clcd_print("Microwave Oven",(0x90 + 2));
  4759     07B0  3042               	movlw	(low ((STR_3-__stringbase)| (0+32768)))& (0+255)
  4760     07B1  00F6               	movwf	clcd_print@str
  4761     07B2  3092               	movlw	146
  4762     07B3  00F7               	movwf	clcd_print@addr
  4763     07B4  120A  158A  264B  120A  118A  	fcall	_clcd_print
  4764     07B9                     l1919:
  4765                           
  4766                           ;micro_oven.c: 22:     for(unsigned char i =0;i<16;i++){
  4767     07B9  1283               	bcf	3,5	;RP0=0, select bank0
  4768     07BA  1303               	bcf	3,6	;RP1=0, select bank0
  4769     07BB  01AE               	clrf	display_power_screen@i_156
  4770     07BC                     l1925:
  4771                           
  4772                           ;micro_oven.c: 23:     clcd_putch(0xFF,(0xD0 + i));
  4773     07BC  082E               	movf	display_power_screen@i_156,w
  4774     07BD  3ED0               	addlw	208
  4775     07BE  00A8               	movwf	clcd_putch@addr
  4776     07BF  30FF               	movlw	255
  4777     07C0  120A  158A  2613  120A  118A  	fcall	_clcd_putch
  4778     07C5                     l1927:
  4779                           
  4780                           ;micro_oven.c: 24:     _delay((unsigned long)((100)*(20000000/4000.0)));
  4781     07C5  3003               	movlw	3
  4782     07C6  1283               	bcf	3,5	;RP0=0, select bank0
  4783     07C7  1303               	bcf	3,6	;RP1=0, select bank0
  4784     07C8  00AC               	movwf	??_display_power_screen+2
  4785     07C9  308A               	movlw	138
  4786     07CA  00AB               	movwf	??_display_power_screen+1
  4787     07CB  3055               	movlw	85
  4788     07CC  00AA               	movwf	??_display_power_screen
  4789     07CD                     u2957:
  4790     07CD  0BAA               	decfsz	??_display_power_screen,f
  4791     07CE  2FCD               	goto	u2957
  4792     07CF  0BAB               	decfsz	??_display_power_screen+1,f
  4793     07D0  2FCD               	goto	u2957
  4794     07D1  0BAC               	decfsz	??_display_power_screen+2,f
  4795     07D2  2FCD               	goto	u2957
  4796     07D3                     l1929:
  4797                           
  4798                           ;micro_oven.c: 25:     }
  4799     07D3  3001               	movlw	1
  4800     07D4  1283               	bcf	3,5	;RP0=0, select bank0
  4801     07D5  1303               	bcf	3,6	;RP1=0, select bank0
  4802     07D6  07AE               	addwf	display_power_screen@i_156,f
  4803     07D7                     l1931:
  4804     07D7  3010               	movlw	16
  4805     07D8  022E               	subwf	display_power_screen@i_156,w
  4806     07D9  1C03               	skipc
  4807     07DA  2FDC               	goto	u1661
  4808     07DB  2FDD               	goto	u1660
  4809     07DC                     u1661:
  4810     07DC  2FBC               	goto	l1925
  4811     07DD                     u1660:
  4812     07DD                     l1933:
  4813                           
  4814                           ;micro_oven.c: 27:     _delay((unsigned long)((1000)*(20000000/4000.0)));
  4815     07DD  301A               	movlw	26
  4816     07DE  1283               	bcf	3,5	;RP0=0, select bank0
  4817     07DF  1303               	bcf	3,6	;RP1=0, select bank0
  4818     07E0  00AC               	movwf	??_display_power_screen+2
  4819     07E1  305E               	movlw	94
  4820     07E2  00AB               	movwf	??_display_power_screen+1
  4821     07E3  306D               	movlw	109
  4822     07E4  00AA               	movwf	??_display_power_screen
  4823     07E5                     u2967:
  4824     07E5  0BAA               	decfsz	??_display_power_screen,f
  4825     07E6  2FE5               	goto	u2967
  4826     07E7  0BAB               	decfsz	??_display_power_screen+1,f
  4827     07E8  2FE5               	goto	u2967
  4828     07E9  0BAC               	decfsz	??_display_power_screen+2,f
  4829     07EA  2FE5               	goto	u2967
  4830     07EB  2FEC               	nop2
  4831     07EC                     l225:
  4832     07EC  0008               	return
  4833     07ED                     __end_of_display_power_screen:
  4834                           
  4835                           	psect	text20
  4836     0E13                     __ptext20:	
  4837 ;; *************** function _clcd_putch *****************
  4838 ;; Defined at:
  4839 ;;		line 56 in file "clcd.c"
  4840 ;; Parameters:    Size  Location     Type
  4841 ;;  data            1    wreg     const unsigned char 
  4842 ;;  addr            1    8[BANK0 ] unsigned char 
  4843 ;; Auto vars:     Size  Location     Type
  4844 ;;  data            1    9[BANK0 ] const unsigned char 
  4845 ;; Return value:  Size  Location     Type
  4846 ;;                  1    wreg      void 
  4847 ;; Registers used:
  4848 ;;		wreg, status,2, status,0, pclath, cstack
  4849 ;; Tracked objects:
  4850 ;;		On entry : 0/0
  4851 ;;		On exit  : 0/0
  4852 ;;		Unchanged: 0/0
  4853 ;; Data sizes:     COMMON   BANK0   BANK1   BANK3   BANK2
  4854 ;;      Params:         0       1       0       0       0
  4855 ;;      Locals:         0       1       0       0       0
  4856 ;;      Temps:          0       0       0       0       0
  4857 ;;      Totals:         0       2       0       0       0
  4858 ;;Total ram usage:        2 bytes
  4859 ;; Hardware stack levels used: 1
  4860 ;; Hardware stack levels required when called: 1
  4861 ;; This function calls:
  4862 ;;		_clcd_write
  4863 ;; This function is called by:
  4864 ;;		_display_power_screen
  4865 ;;		_set_time
  4866 ;;		_display_time
  4867 ;;		_set_temp
  4868 ;; This function uses a non-reentrant model
  4869 ;;
  4870                           
  4871     0E13                     _clcd_putch:	
  4872                           ;psect for function _clcd_putch
  4873                           
  4874                           
  4875                           ;incstack = 0
  4876                           ; Regs used in _clcd_putch: [wreg+status,2+status,0+pclath+cstack]
  4877                           ;clcd_putch@data stored from wreg
  4878     0E13  1283               	bcf	3,5	;RP0=0, select bank0
  4879     0E14  1303               	bcf	3,6	;RP1=0, select bank0
  4880     0E15  00A9               	movwf	clcd_putch@data
  4881     0E16                     l1587:
  4882                           
  4883                           ;clcd.c: 56: void clcd_putch(const char data, unsigned char addr);clcd.c: 57: {;clcd.c: 
      +                          58:     clcd_write(addr, 0);
  4884     0E16  01F2               	clrf	clcd_write@mode
  4885     0E17  0828               	movf	clcd_putch@addr,w
  4886     0E18  120A  158A  26BA  120A  158A  	fcall	_clcd_write
  4887                           
  4888                           ;clcd.c: 59:     clcd_write(data, 1);
  4889     0E1D  01F2               	clrf	clcd_write@mode
  4890     0E1E  0AF2               	incf	clcd_write@mode,f
  4891     0E1F  1283               	bcf	3,5	;RP0=0, select bank0
  4892     0E20  1303               	bcf	3,6	;RP1=0, select bank0
  4893     0E21  0829               	movf	clcd_putch@data,w
  4894     0E22  120A  158A  26BA  120A  158A  	fcall	_clcd_write
  4895     0E27                     l26:
  4896     0E27  0008               	return
  4897     0E28                     __end_of_clcd_putch:
  4898                           
  4899                           	psect	text21
  4900     0E70                     __ptext21:	
  4901 ;; *************** function _display_modes *****************
  4902 ;; Defined at:
  4903 ;;		line 30 in file "micro_oven.c"
  4904 ;; Parameters:    Size  Location     Type
  4905 ;;		None
  4906 ;; Auto vars:     Size  Location     Type
  4907 ;;		None
  4908 ;; Return value:  Size  Location     Type
  4909 ;;                  1    wreg      void 
  4910 ;; Registers used:
  4911 ;;		wreg, fsr0l, fsr0h, status,2, status,0, pclath, cstack
  4912 ;; Tracked objects:
  4913 ;;		On entry : 0/0
  4914 ;;		On exit  : 0/0
  4915 ;;		Unchanged: 0/0
  4916 ;; Data sizes:     COMMON   BANK0   BANK1   BANK3   BANK2
  4917 ;;      Params:         0       0       0       0       0
  4918 ;;      Locals:         0       0       0       0       0
  4919 ;;      Temps:          0       0       0       0       0
  4920 ;;      Totals:         0       0       0       0       0
  4921 ;;Total ram usage:        0 bytes
  4922 ;; Hardware stack levels used: 1
  4923 ;; Hardware stack levels required when called: 2
  4924 ;; This function calls:
  4925 ;;		_clcd_print
  4926 ;; This function is called by:
  4927 ;;		_main
  4928 ;; This function uses a non-reentrant model
  4929 ;;
  4930                           
  4931     0E70                     _display_modes:	
  4932                           ;psect for function _display_modes
  4933                           
  4934     0E70                     l1935:	
  4935                           ;incstack = 0
  4936                           ; Regs used in _display_modes: [wreg-fsr0h+status,2+status,0+pclath+cstack]
  4937                           
  4938                           
  4939                           ;micro_oven.c: 31:     clcd_print("1. Micro",(0x80 + 1));
  4940     0E70  30B9               	movlw	(low ((STR_4-__stringbase)| (0+32768)))& (0+255)
  4941     0E71  00F6               	movwf	clcd_print@str
  4942     0E72  3081               	movlw	129
  4943     0E73  00F7               	movwf	clcd_print@addr
  4944     0E74  120A  158A  264B  120A  158A  	fcall	_clcd_print
  4945                           
  4946                           ;micro_oven.c: 32:     clcd_print("2. Grill",(0xC0 + 1));
  4947     0E79  30B0               	movlw	(low ((STR_5-__stringbase)| (0+32768)))& (0+255)
  4948     0E7A  00F6               	movwf	clcd_print@str
  4949     0E7B  30C1               	movlw	193
  4950     0E7C  00F7               	movwf	clcd_print@addr
  4951     0E7D  120A  158A  264B  120A  158A  	fcall	_clcd_print
  4952                           
  4953                           ;micro_oven.c: 33:     clcd_print("3. Convection",(0x90 + 1));
  4954     0E82  305F               	movlw	(low ((STR_6-__stringbase)| (0+32768)))& (0+255)
  4955     0E83  00F6               	movwf	clcd_print@str
  4956     0E84  3091               	movlw	145
  4957     0E85  00F7               	movwf	clcd_print@addr
  4958     0E86  120A  158A  264B  120A  158A  	fcall	_clcd_print
  4959                           
  4960                           ;micro_oven.c: 34:     clcd_print("4. Start",(0xD0 + 1));
  4961     0E8B  30C2               	movlw	(low ((STR_7-__stringbase)| (0+32768)))& (0+255)
  4962     0E8C  00F6               	movwf	clcd_print@str
  4963     0E8D  30D1               	movlw	209
  4964     0E8E  00F7               	movwf	clcd_print@addr
  4965     0E8F  120A  158A  264B  120A  158A  	fcall	_clcd_print
  4966     0E94                     l228:
  4967     0E94  0008               	return
  4968     0E95                     __end_of_display_modes:
  4969                           
  4970                           	psect	text22
  4971     0E4B                     __ptext22:	
  4972 ;; *************** function _clcd_print *****************
  4973 ;; Defined at:
  4974 ;;		line 62 in file "clcd.c"
  4975 ;; Parameters:    Size  Location     Type
  4976 ;;  str             1    6[COMMON] PTR const unsigned char 
  4977 ;;		 -> STR_21(10), STR_20(12), STR_19(17), STR_18(6), 
  4978 ;;		 -> STR_17(14), STR_16(16), STR_15(11), STR_14(7), 
  4979 ;;		 -> STR_13(8), STR_12(15), STR_11(9), STR_10(17), 
  4980 ;;		 -> STR_9(6), STR_8(17), STR_7(9), STR_6(14), 
  4981 ;;		 -> STR_5(9), STR_4(9), STR_3(15), STR_2(12), 
  4982 ;;		 -> STR_1(13), 
  4983 ;;  addr            1    7[COMMON] unsigned char 
  4984 ;; Auto vars:     Size  Location     Type
  4985 ;;		None
  4986 ;; Return value:  Size  Location     Type
  4987 ;;                  1    wreg      void 
  4988 ;; Registers used:
  4989 ;;		wreg, fsr0l, fsr0h, status,2, status,0, pclath, cstack
  4990 ;; Tracked objects:
  4991 ;;		On entry : 0/0
  4992 ;;		On exit  : 0/0
  4993 ;;		Unchanged: 0/0
  4994 ;; Data sizes:     COMMON   BANK0   BANK1   BANK3   BANK2
  4995 ;;      Params:         2       0       0       0       0
  4996 ;;      Locals:         0       0       0       0       0
  4997 ;;      Temps:          0       0       0       0       0
  4998 ;;      Totals:         2       0       0       0       0
  4999 ;;Total ram usage:        2 bytes
  5000 ;; Hardware stack levels used: 1
  5001 ;; Hardware stack levels required when called: 1
  5002 ;; This function calls:
  5003 ;;		_clcd_write
  5004 ;; This function is called by:
  5005 ;;		_main
  5006 ;;		_display_power_screen
  5007 ;;		_display_modes
  5008 ;;		_set_time
  5009 ;;		_display_time
  5010 ;;		_set_temp
  5011 ;; This function uses a non-reentrant model
  5012 ;;
  5013                           
  5014     0E4B                     _clcd_print:	
  5015                           ;psect for function _clcd_print
  5016                           
  5017     0E4B                     l1589:	
  5018                           ;incstack = 0
  5019                           ; Regs used in _clcd_print: [wreg-fsr0h+status,2+status,0+pclath+cstack]
  5020                           
  5021                           
  5022                           ;clcd.c: 62: void clcd_print(const char *str, unsigned char addr);clcd.c: 63: {;clcd.c: 
      +                          64:     clcd_write(addr, 0);
  5023     0E4B  01F2               	clrf	clcd_write@mode
  5024     0E4C  0877               	movf	clcd_print@addr,w
  5025     0E4D  120A  158A  26BA  120A  158A  	fcall	_clcd_write
  5026                           
  5027                           ;clcd.c: 66:     while (*str != '\0')
  5028     0E52  2E63               	goto	l1595
  5029     0E53                     l1591:
  5030                           
  5031                           ;clcd.c: 67:     {;clcd.c: 68:         clcd_write(*str, 1);
  5032     0E53  01F2               	clrf	clcd_write@mode
  5033     0E54  0AF2               	incf	clcd_write@mode,f
  5034     0E55  0876               	movf	clcd_print@str,w
  5035     0E56  0084               	movwf	4
  5036     0E57  120A  118A  2500  120A  158A  	fcall	stringdir
  5037     0E5C  120A  158A  26BA  120A  158A  	fcall	_clcd_write
  5038     0E61                     l1593:
  5039                           
  5040                           ;clcd.c: 69:         str++;
  5041     0E61  3001               	movlw	1
  5042     0E62  07F6               	addwf	clcd_print@str,f
  5043     0E63                     l1595:
  5044                           
  5045                           ;clcd.c: 66:     while (*str != '\0')
  5046     0E63  0876               	movf	clcd_print@str,w
  5047     0E64  0084               	movwf	4
  5048     0E65  120A  118A  2500  120A  158A  	fcall	stringdir
  5049     0E6A  3A00               	xorlw	0
  5050     0E6B  1D03               	skipz
  5051     0E6C  2E6E               	goto	u1081
  5052     0E6D  2E6F               	goto	u1080
  5053     0E6E                     u1081:
  5054     0E6E  2E53               	goto	l1591
  5055     0E6F                     u1080:
  5056     0E6F                     l32:
  5057     0E6F  0008               	return
  5058     0E70                     __end_of_clcd_print:
  5059                           
  5060                           	psect	text23
  5061     0EBA                     __ptext23:	
  5062 ;; *************** function _clcd_write *****************
  5063 ;; Defined at:
  5064 ;;		line 4 in file "clcd.c"
  5065 ;; Parameters:    Size  Location     Type
  5066 ;;  byte            1    wreg     unsigned char 
  5067 ;;  mode            1    2[COMMON] unsigned char 
  5068 ;; Auto vars:     Size  Location     Type
  5069 ;;  byte            1    5[COMMON] unsigned char 
  5070 ;; Return value:  Size  Location     Type
  5071 ;;                  1    wreg      void 
  5072 ;; Registers used:
  5073 ;;		wreg, status,2, status,0
  5074 ;; Tracked objects:
  5075 ;;		On entry : 0/0
  5076 ;;		On exit  : 0/0
  5077 ;;		Unchanged: 0/0
  5078 ;; Data sizes:     COMMON   BANK0   BANK1   BANK3   BANK2
  5079 ;;      Params:         1       0       0       0       0
  5080 ;;      Locals:         1       0       0       0       0
  5081 ;;      Temps:          2       0       0       0       0
  5082 ;;      Totals:         4       0       0       0       0
  5083 ;;Total ram usage:        4 bytes
  5084 ;; Hardware stack levels used: 1
  5085 ;; Hardware stack levels required when called: 1
  5086 ;; This function calls:
  5087 ;;		Nothing
  5088 ;; This function is called by:
  5089 ;;		_init_display_controller
  5090 ;;		_clcd_putch
  5091 ;;		_clcd_print
  5092 ;;		_clear_screen
  5093 ;; This function uses a non-reentrant model
  5094 ;;
  5095                           
  5096     0EBA                     _clcd_write:	
  5097                           ;psect for function _clcd_write
  5098                           
  5099                           
  5100                           ;incstack = 0
  5101                           ; Regs used in _clcd_write: [wreg+status,2+status,0]
  5102                           ;clcd_write@byte stored from wreg
  5103     0EBA  00F5               	movwf	clcd_write@byte
  5104     0EBB                     l1535:
  5105                           
  5106                           ;clcd.c: 4: static void clcd_write(unsigned char byte, unsigned char mode);clcd.c: 5: {;
      +                          clcd.c: 6:     RE2 = (__bit)mode;
  5107     0EBB  1872               	btfsc	clcd_write@mode,0
  5108     0EBC  2EBE               	goto	u1051
  5109     0EBD  2EC2               	goto	u1050
  5110     0EBE                     u1051:
  5111     0EBE  1283               	bcf	3,5	;RP0=0, select bank0
  5112     0EBF  1303               	bcf	3,6	;RP1=0, select bank0
  5113     0EC0  1509               	bsf	9,2	;volatile
  5114     0EC1  2EC5               	goto	u1064
  5115     0EC2                     u1050:
  5116     0EC2  1283               	bcf	3,5	;RP0=0, select bank0
  5117     0EC3  1303               	bcf	3,6	;RP1=0, select bank0
  5118     0EC4  1109               	bcf	9,2	;volatile
  5119     0EC5                     u1064:
  5120     0EC5                     l1537:
  5121                           
  5122                           ;clcd.c: 8:     PORTD = byte & 0xF0;
  5123     0EC5  0875               	movf	clcd_write@byte,w
  5124     0EC6  39F0               	andlw	240
  5125     0EC7  0088               	movwf	8	;volatile
  5126     0EC8                     l1539:
  5127                           
  5128                           ;clcd.c: 9:     RE1 = 1;
  5129     0EC8  1489               	bsf	9,1	;volatile
  5130     0EC9                     l1541:
  5131                           
  5132                           ;clcd.c: 10:     _delay((unsigned long)((100)*(20000000/4000000.0)));
  5133     0EC9  30A6               	movlw	166
  5134     0ECA  00F3               	movwf	??_clcd_write
  5135     0ECB                     u2977:
  5136     0ECB  0BF3               	decfsz	??_clcd_write,f
  5137     0ECC  2ECB               	goto	u2977
  5138     0ECD  0000               	nop
  5139     0ECE                     l1543:
  5140                           
  5141                           ;clcd.c: 11:     RE1 = 0;
  5142     0ECE  1283               	bcf	3,5	;RP0=0, select bank0
  5143     0ECF  1303               	bcf	3,6	;RP1=0, select bank0
  5144     0ED0  1089               	bcf	9,1	;volatile
  5145     0ED1                     l1545:
  5146                           
  5147                           ;clcd.c: 13:     PORTD = (unsigned char)((byte & 0x0F) << 4);
  5148     0ED1  0875               	movf	clcd_write@byte,w
  5149     0ED2  390F               	andlw	15
  5150     0ED3  00F3               	movwf	??_clcd_write
  5151     0ED4  3003               	movlw	3
  5152     0ED5                     u1075:
  5153     0ED5  1003               	clrc
  5154     0ED6  0DF3               	rlf	??_clcd_write,f
  5155     0ED7  3EFF               	addlw	-1
  5156     0ED8  1D03               	skipz
  5157     0ED9  2ED5               	goto	u1075
  5158     0EDA  1003               	clrc
  5159     0EDB  0D73               	rlf	??_clcd_write,w
  5160     0EDC  0088               	movwf	8	;volatile
  5161     0EDD                     l1547:
  5162                           
  5163                           ;clcd.c: 14:     RE1 = 1;
  5164     0EDD  1489               	bsf	9,1	;volatile
  5165     0EDE                     l1549:
  5166                           
  5167                           ;clcd.c: 15:     _delay((unsigned long)((100)*(20000000/4000000.0)));
  5168     0EDE  30A6               	movlw	166
  5169     0EDF  00F3               	movwf	??_clcd_write
  5170     0EE0                     u2987:
  5171     0EE0  0BF3               	decfsz	??_clcd_write,f
  5172     0EE1  2EE0               	goto	u2987
  5173     0EE2  0000               	nop
  5174     0EE3                     l1551:
  5175                           
  5176                           ;clcd.c: 16:     RE1 = 0;
  5177     0EE3  1283               	bcf	3,5	;RP0=0, select bank0
  5178     0EE4  1303               	bcf	3,6	;RP1=0, select bank0
  5179     0EE5  1089               	bcf	9,1	;volatile
  5180     0EE6                     l1553:
  5181                           
  5182                           ;clcd.c: 18:     _delay((unsigned long)((4100)*(20000000/4000000.0)));
  5183     0EE6  301B               	movlw	27
  5184     0EE7  00F4               	movwf	??_clcd_write+1
  5185     0EE8  309E               	movlw	158
  5186     0EE9  00F3               	movwf	??_clcd_write
  5187     0EEA                     u2997:
  5188     0EEA  0BF3               	decfsz	??_clcd_write,f
  5189     0EEB  2EEA               	goto	u2997
  5190     0EEC  0BF4               	decfsz	??_clcd_write+1,f
  5191     0EED  2EEA               	goto	u2997
  5192     0EEE  0000               	nop
  5193     0EEF                     l17:
  5194     0EEF  0008               	return
  5195     0EF0                     __end_of_clcd_write:
  5196                           
  5197                           	psect	text24
  5198     0F2A                     __ptext24:	
  5199 ;; *************** function _isr *****************
  5200 ;; Defined at:
  5201 ;;		line 6 in file "isr.c"
  5202 ;; Parameters:    Size  Location     Type
  5203 ;;		None
  5204 ;; Auto vars:     Size  Location     Type
  5205 ;;		None
  5206 ;; Return value:  Size  Location     Type
  5207 ;;                  1    wreg      void 
  5208 ;; Registers used:
  5209 ;;		wreg, status,2, status,0
  5210 ;; Tracked objects:
  5211 ;;		On entry : 0/0
  5212 ;;		On exit  : 0/0
  5213 ;;		Unchanged: 0/0
  5214 ;; Data sizes:     COMMON   BANK0   BANK1   BANK3   BANK2
  5215 ;;      Params:         0       0       0       0       0
  5216 ;;      Locals:         0       0       0       0       0
  5217 ;;      Temps:          2       0       0       0       0
  5218 ;;      Totals:         2       0       0       0       0
  5219 ;;Total ram usage:        2 bytes
  5220 ;; Hardware stack levels used: 1
  5221 ;; This function calls:
  5222 ;;		Nothing
  5223 ;; This function is called by:
  5224 ;;		Interrupt level 1
  5225 ;; This function uses a non-reentrant model
  5226 ;;
  5227                           
  5228     0F2A                     _isr:	
  5229                           ;psect for function _isr
  5230                           
  5231     0F2A                     i1l2211:
  5232                           
  5233                           ;isr.c: 8:     static unsigned int count = 0;;isr.c: 10:     if (TMR2IF == 1)
  5234     0F2A  1283               	bcf	3,5	;RP0=0, select bank0
  5235     0F2B  1303               	bcf	3,6	;RP1=0, select bank0
  5236     0F2C  1C8C               	btfss	12,1	;volatile
  5237     0F2D  2F2F               	goto	u209_21
  5238     0F2E  2F30               	goto	u209_20
  5239     0F2F                     u209_21:
  5240     0F2F  2F5E               	goto	i1l307
  5241     0F30                     u209_20:
  5242     0F30                     i1l2213:
  5243                           
  5244                           ;isr.c: 11:     {;isr.c: 12:         if (++count == 1250)
  5245     0F30  3001               	movlw	1
  5246     0F31  07F9               	addwf	isr@count,f
  5247     0F32  1803               	skipnc
  5248     0F33  0AFA               	incf	isr@count+1,f
  5249     0F34  3000               	movlw	0
  5250     0F35  07FA               	addwf	isr@count+1,f
  5251     0F36  30E2               	movlw	226
  5252     0F37  0679               	xorwf	isr@count,w
  5253     0F38  3004               	movlw	4
  5254     0F39  1903               	skipnz
  5255     0F3A  067A               	xorwf	isr@count+1,w
  5256     0F3B  1D03               	btfss	3,2
  5257     0F3C  2F3E               	goto	u210_21
  5258     0F3D  2F3F               	goto	u210_20
  5259     0F3E                     u210_21:
  5260     0F3E  2F5D               	goto	i1l2229
  5261     0F3F                     u210_20:
  5262     0F3F                     i1l2215:
  5263                           
  5264                           ;isr.c: 13:         {;isr.c: 14:             count = 0;
  5265     0F3F  01F9               	clrf	isr@count
  5266     0F40  01FA               	clrf	isr@count+1
  5267     0F41                     i1l2217:
  5268                           
  5269                           ;isr.c: 15:             if(sec >0){
  5270     0F41  083F               	movf	_sec,w
  5271     0F42  1903               	btfsc	3,2
  5272     0F43  2F45               	goto	u211_21
  5273     0F44  2F46               	goto	u211_20
  5274     0F45                     u211_21:
  5275     0F45  2F48               	goto	i1l303
  5276     0F46                     u211_20:
  5277     0F46                     i1l2219:
  5278                           
  5279                           ;isr.c: 16:                 sec--;
  5280     0F46  3001               	movlw	1
  5281     0F47  02BF               	subwf	_sec,f
  5282     0F48                     i1l303:	
  5283                           ;isr.c: 17:             }
  5284                           
  5285                           
  5286                           ;isr.c: 18:             if(sec == 0){
  5287     0F48  083F               	movf	_sec,w
  5288     0F49  1D03               	btfss	3,2
  5289     0F4A  2F4C               	goto	u212_21
  5290     0F4B  2F4D               	goto	u212_20
  5291     0F4C                     u212_21:
  5292     0F4C  2F56               	goto	i1l304
  5293     0F4D                     u212_20:
  5294     0F4D                     i1l2221:
  5295                           
  5296                           ;isr.c: 19:                 if(min>0){
  5297     0F4D  083E               	movf	_min,w
  5298     0F4E  1903               	btfsc	3,2
  5299     0F4F  2F51               	goto	u213_21
  5300     0F50  2F52               	goto	u213_20
  5301     0F51                     u213_21:
  5302     0F51  2F56               	goto	i1l304
  5303     0F52                     u213_20:
  5304     0F52                     i1l2223:
  5305                           
  5306                           ;isr.c: 20:                     min--;
  5307     0F52  3001               	movlw	1
  5308     0F53  02BE               	subwf	_min,f
  5309     0F54                     i1l2225:
  5310                           
  5311                           ;isr.c: 21:                     sec = 60;
  5312     0F54  303C               	movlw	60
  5313     0F55  00BF               	movwf	_sec
  5314     0F56                     i1l304:	
  5315                           ;isr.c: 24:             }
  5316                           
  5317                           
  5318                           ;isr.c: 25:             if(pre_heat > 0){
  5319     0F56  083D               	movf	_pre_heat,w
  5320     0F57  1903               	btfsc	3,2
  5321     0F58  2F5A               	goto	u214_21
  5322     0F59  2F5B               	goto	u214_20
  5323     0F5A                     u214_21:
  5324     0F5A  2F5D               	goto	i1l2229
  5325     0F5B                     u214_20:
  5326     0F5B                     i1l2227:
  5327                           
  5328                           ;isr.c: 26:                 pre_heat--;
  5329     0F5B  3001               	movlw	1
  5330     0F5C  02BD               	subwf	_pre_heat,f
  5331     0F5D                     i1l2229:
  5332                           
  5333                           ;isr.c: 32:         TMR2IF = 0;
  5334     0F5D  108C               	bcf	12,1	;volatile
  5335     0F5E                     i1l307:
  5336     0F5E  0871               	movf	??_isr+1,w
  5337     0F5F  008A               	movwf	10
  5338     0F60  0E70               	swapf	??_isr,w
  5339     0F61  0083               	movwf	3
  5340     0F62  0EFE               	swapf	btemp,f
  5341     0F63  0E7E               	swapf	btemp,w
  5342     0F64  0009               	retfie
  5343     0F65                     __end_of_isr:
  5344     0002                     ___latbits      equ	2
  5345     007E                     btemp           set	126	;btemp
  5346     007E                     btemp0          set	126
  5347     007F                     btemp1          set	127
  5348     007E                     wtemp0          set	126
  5349     007F                     wtemp0a         set	127
  5350     007F                     ttemp0a         set	127
  5351     0080                     ltemp0a         set	128
  5352                           
  5353                           	psect	intentry
  5354     0004                     __pintentry:	
  5355                           ;incstack = 0
  5356                           ; Regs used in _isr: [wreg+status,2+status,0]
  5357                           
  5358     0004                     interrupt_function:
  5359     007E                     saved_w         set	btemp
  5360     0004  00FE               	movwf	btemp
  5361     0005  0E03               	swapf	3,w
  5362     0006  00F0               	movwf	??_isr
  5363     0007  080A               	movf	10,w
  5364     0008  00F1               	movwf	??_isr+1
  5365     0009  120A  158A  2F2A   	ljmp	_isr
  5366                           
  5367                           	psect	config
  5368                           
  5369                           ;Config register CONFIG @ 0x2007
  5370                           ;	Oscillator Selection bits
  5371                           ;	FOSC = 0x3, unprogrammed default
  5372                           ;	Watchdog Timer Enable bit
  5373                           ;	WDTE = OFF, WDT disabled
  5374                           ;	Power-up Timer Enable bit
  5375                           ;	PWRTE = 0x1, unprogrammed default
  5376                           ;	Brown-out Reset Enable bit
  5377                           ;	BOREN = 0x1, unprogrammed default
  5378                           ;	Low-Voltage (Single-Supply) In-Circuit Serial Programming Enable bit
  5379                           ;	LVP = 0x1, unprogrammed default
  5380                           ;	Data EEPROM Memory Code Protection bit
  5381                           ;	CPD = 0x1, unprogrammed default
  5382                           ;	Flash Program Memory Write Enable bits
  5383                           ;	WRT = 0x3, unprogrammed default
  5384                           ;	In-Circuit Debugger Mode bit
  5385                           ;	DEBUG = 0x1, unprogrammed default
  5386                           ;	Flash Program Memory Code Protection bit
  5387                           ;	CP = 0x1, unprogrammed default
  5388     2007                     	org	8199
  5389     2007  3FFB               	dw	16379

Data Sizes:
    Strings     229
    Constant    0
    Data        2
    BSS         14
    Persistent  0
    Stack       0

Auto Spaces:
    Space          Size  Autos    Used
    COMMON           14      9      12
    BANK0            80     20      33
    BANK1            80      0       0
    BANK3            96      0       0
    BANK2            96      0       0

Pointer List with Targets:

    clcd_print@str	PTR const unsigned char  size(1) Largest target is 17
		 -> STR_1(CODE[13]), STR_10(CODE[17]), STR_11(CODE[9]), STR_12(CODE[15]), 
		 -> STR_13(CODE[8]), STR_14(CODE[7]), STR_15(CODE[11]), STR_16(CODE[16]), 
		 -> STR_17(CODE[14]), STR_18(CODE[6]), STR_19(CODE[17]), STR_2(CODE[12]), 
		 -> STR_20(CODE[12]), STR_21(CODE[10]), STR_3(CODE[15]), STR_4(CODE[9]), 
		 -> STR_5(CODE[9]), STR_6(CODE[14]), STR_7(CODE[9]), STR_8(CODE[17]), 
		 -> STR_9(CODE[6]), 


Critical Paths under _main in COMMON

    _set_temp->___lwdiv
    ___lwmod->___lwdiv
    _read_matrix_keypad->_scan_keypad
    _init_clcd->_init_display_controller
    _init_display_controller->_clcd_write
    _clear_screen->_clcd_write
    ___awmod->___awdiv
    _clcd_putch->___lwdiv
    _display_modes->_clcd_print
    _clcd_print->_clcd_write

Critical Paths under _isr in COMMON

    None.

Critical Paths under _main in BANK0

    _main->_display_power_screen
    _set_time->_clcd_putch
    _set_temp->_clcd_putch
    _display_time->_clcd_putch
    ___awmod->___awdiv
    _display_power_screen->_clcd_putch
    _clcd_putch->___awmod

Critical Paths under _isr in BANK0

    None.

Critical Paths under _main in BANK1

    None.

Critical Paths under _isr in BANK1

    None.

Critical Paths under _main in BANK3

    None.

Critical Paths under _isr in BANK3

    None.

Critical Paths under _main in BANK2

    None.

Critical Paths under _isr in BANK2

    None.

Call Graph Tables:

 ---------------------------------------------------------------------------------
 (Depth) Function   	        Calls       Base Space   Used Autos Params    Refs
 ---------------------------------------------------------------------------------
 (0) _main                                                 5     5      0    7167
                                             15 BANK0      5     5      0
                         _clcd_print
                       _clear_screen
                      _display_modes
               _display_power_screen
                       _display_time
                          _heat_food
                        _init_config
                 _read_matrix_keypad
                           _set_temp
                           _set_time
 ---------------------------------------------------------------------------------
 (1) _set_time                                             4     3      1    1758
                                             10 BANK0      4     3      1
                            ___awdiv
                            ___awmod
                             ___bmul
                         _clcd_print
                         _clcd_putch
                       _clear_screen
 ---------------------------------------------------------------------------------
 (2) ___bmul                                               3     2      1       6
                                              2 COMMON     3     2      1
 ---------------------------------------------------------------------------------
 (1) _set_temp                                             4     3      1    2209
                                             10 BANK0      4     3      1
                            ___awdiv
                            ___awmod
                            ___lwdiv
                            ___lwmod
                             ___wmul
                         _clcd_print
                         _clcd_putch
                       _clear_screen
 ---------------------------------------------------------------------------------
 (2) ___wmul                                               6     2      4      94
                                              2 COMMON     6     2      4
 ---------------------------------------------------------------------------------
 (2) ___lwmod                                              5     1      4     244
                                              0 BANK0      5     1      4
                            ___lwdiv (ARG)
 ---------------------------------------------------------------------------------
 (2) ___lwdiv                                              7     3      4     166
                                              2 COMMON     7     3      4
 ---------------------------------------------------------------------------------
 (1) _read_matrix_keypad                                   2     2      0     279
                                              4 COMMON     2     2      0
                        _scan_keypad
 ---------------------------------------------------------------------------------
 (2) _scan_keypad                                          2     2      0     161
                                              2 COMMON     2     2      0
 ---------------------------------------------------------------------------------
 (1) _init_config                                          0     0      0      92
                          _init_clcd
                 _init_matrix_keypad
                        _init_timer2
 ---------------------------------------------------------------------------------
 (2) _init_timer2                                          0     0      0       0
 ---------------------------------------------------------------------------------
 (2) _init_matrix_keypad                                   0     0      0       0
 ---------------------------------------------------------------------------------
 (2) _init_clcd                                            0     0      0      92
            _init_display_controller
 ---------------------------------------------------------------------------------
 (3) _init_display_controller                              2     2      0      92
                                              6 COMMON     2     2      0
                         _clcd_write
 ---------------------------------------------------------------------------------
 (1) _heat_food                                            0     0      0       0
 ---------------------------------------------------------------------------------
 (1) _display_time                                         3     3      0    1380
                                             10 BANK0      3     3      0
                            ___awdiv
                            ___awmod
                         _clcd_print
                         _clcd_putch
                       _clear_screen
 ---------------------------------------------------------------------------------
 (2) _clear_screen                                         2     2      0      92
                                              6 COMMON     2     2      0
                         _clcd_write
 ---------------------------------------------------------------------------------
 (2) ___awmod                                              6     2      4     453
                                              6 COMMON     2     2      0
                                              4 BANK0      4     0      4
                            ___awdiv (ARG)
 ---------------------------------------------------------------------------------
 (2) ___awdiv                                              8     4      4     465
                                              2 COMMON     4     0      4
                                              0 BANK0      4     4      0
 ---------------------------------------------------------------------------------
 (1) _display_power_screen                                 5     5      0     506
                                             10 BANK0      5     5      0
                         _clcd_print
                         _clcd_putch
 ---------------------------------------------------------------------------------
 (2) _clcd_putch                                           2     1      1     169
                                              8 BANK0      2     1      1
                            ___awdiv (ARG)
                            ___awmod (ARG)
                            ___lwdiv (ARG)
                            ___lwmod (ARG)
                         _clcd_write
 ---------------------------------------------------------------------------------
 (1) _display_modes                                        0     0      0     201
                         _clcd_print
 ---------------------------------------------------------------------------------
 (2) _clcd_print                                           2     0      2     201
                                              6 COMMON     2     0      2
                         _clcd_write
 ---------------------------------------------------------------------------------
 (4) _clcd_write                                           4     3      1      92
                                              2 COMMON     4     3      1
 ---------------------------------------------------------------------------------
 Estimated maximum stack depth 4
 ---------------------------------------------------------------------------------
 (Depth) Function   	        Calls       Base Space   Used Autos Params    Refs
 ---------------------------------------------------------------------------------
 (5) _isr                                                  2     2      0       0
                                              0 COMMON     2     2      0
 ---------------------------------------------------------------------------------
 Estimated maximum stack depth 5
 ---------------------------------------------------------------------------------

 Call Graph Graphs:

 _main (ROOT)
   _clcd_print
     _clcd_write
   _clear_screen
     _clcd_write
   _display_modes
     _clcd_print
   _display_power_screen
     _clcd_print
     _clcd_putch
       ___awdiv (ARG)
       ___awmod (ARG)
         ___awdiv (ARG)
       ___lwdiv (ARG)
       ___lwmod (ARG)
         ___lwdiv (ARG)
       _clcd_write (ARG)
   _display_time
     ___awdiv
     ___awmod
     _clcd_print
     _clcd_putch
     _clear_screen
   _heat_food
   _init_config
     _init_clcd
       _init_display_controller
         _clcd_write
     _init_matrix_keypad
     _init_timer2
   _read_matrix_keypad
     _scan_keypad
   _set_temp
     ___awdiv
     ___awmod
     ___lwdiv
     ___lwmod
     ___wmul
     _clcd_print
     _clcd_putch
     _clear_screen
   _set_time
     ___awdiv
     ___awmod
     ___bmul
     _clcd_print
     _clcd_putch
     _clear_screen

 _isr (ROOT)

Address spaces:
Name               Size   Autos  Total    Usage
BANK3               96      0       0      0.0%
BITBANK3            96      0       0      0.0%
BANK2               96      0       0      0.0%
BITBANK2            96      0       0      0.0%
BANK1               80      0       0      0.0%
BITBANK1            80      0       0      0.0%
BANK0               80     20      33     41.2%
BITBANK0            80      0       0      0.0%
COMMON              14      9      12     85.7%
BITCOMMON           14      0       0      0.0%
DATA                 0      0      45      0.0%
STACK                0      0       0      0.0%


Microchip Technology PIC Macro Assembler V3.10 build 20250813170317 
Symbol Table                                                                                   Wed Jan 21 11:04:15 2026

                              pc 0002                   ___bmul@product 0073                   clcd_print@addr 0077  
                             l20 04E8                               l23 0DE4                               l32 0E6F  
                             l17 0EEF                               l26 0E27                               l35 0E12  
                             l80 04FD                     ___awdiv@sign 0021                               fsr 0004  
            ___wmul@multiplicand 0074               _init_matrix_keypad 0DF2                              l114 03F4  
                            l115 03F7                              l107 0419                              l141 0E01  
                            l150 06EE                              l225 07EC                              l161 073E  
                            l162 0746                              l154 070F                              l146 06E0  
                            l171 077B                              l163 0752                              l155 0717  
                            l147 06E8                              l228 0E94                              l260 06C7  
                            l164 074C                              l156 0723                              l148 0782  
                            l157 071D                              l149 06F4                              l168 076D  
                            l280 0146                              l256 0314                              l169 0775  
                            l179 0E4A                              l283 01CB                              l419 07FF  
                            l196 0DF1                              l286 0DD9                              l393 0EA1  
                            l546 0485                              l395 0EB9                              l559 0FFF  
                            l673 0FA6                              l683 0F29                              _GIE 005F  
                            _RB0 0030                              _RB1 0031                              _RB2 0032  
                            _RC2 003A                              _RD0 0040                              _RD1 0041  
                            _RD2 0042                              _RE1 0049                              _RD3 0043  
                            _RE2 004A                              _PR2 0092                    ?_display_time 0070  
                            _min 003E                              _sec 003F                              _isr 0F2A  
                 clcd_putch@addr 0028                              fsr0 0004                   clcd_putch@data 0029  
                   ___awmod@sign 0077              ?_init_matrix_keypad 0070                             l2121 0DD7  
                           l2113 0DD0                             l2115 0DD4                             l2301 0FBE  
                           l2117 0DD5                             l2311 0FD4                             l2303 0FC4  
                           l2119 0DD6                             l2231 07EE                             l2321 0FF6  
                           l2313 0FDE                             l2305 0FC7                             l1601 0DF2  
                           l2241 07FE                             l2233 07EF                             l2401 0263  
                           l2251 042D                             l2323 0FFB                             l2315 0FE4  
                           l2307 0FCE                             l1611 0E00                             l1603 0DFA  
                           l2331 0EFB                             l2235 07F3                             l2411 027B  
                           l2403 0265                             l1541 0EC9                             l2261 043C  
                           l2253 042F                             l2245 0421                             l2317 0FEB  
                           l2309 0FD0                             l2421 05F4                             l1605 0DFB  
                           l1613 0DE5                             l1621 06E6                             l2341 0F18  
                           l2333 0F02                             l2501 00BF                             l2237 07F5  
                           l2413 0280                             l2405 026D                             l1551 0EE3  
                           l1543 0ECE                             l1535 0EBB                             l2271 0452  
                           l2263 0442                             l2255 0433                             l2247 0424  
                           l2319 0FF1                             l2431 066E                             l2423 060F  
                           l1607 0DFE                             l1711 077F                             l1615 06C8  
                           l2343 0F1F                             l2335 0F04                             l2327 0EF0  
                           l2511 013F                             l2503 00C0                             l2239 07F7  
                           l2415 0293                             l2407 026E                             l2351 01D5  
                           l1553 0EE6                             l1545 0ED1                             l1537 0EC5  
                           l2273 0463                             l2265 0445                             l2281 0477  
                           l2257 0438                             l2249 0428                             l2441 0695  
                           l2433 0677                             l2425 062C                             l1561 04A5  
                           l1609 0DFF                             l1705 0779                             l1633 06F2  
                           l1617 06CE                             l2337 0F08                             l2329 0EF8  
                           l2345 0F25                             l1721 0E97                             l2521 0155  
                           l2513 0147                             l2505 00C9                             l2417 02A6  
                           l2409 0276                             l2361 01FF                             l2353 01DA  
                           l2601 03E5                             l1547 0EDD                             l1539 0EC8  
                           l2283 047C                             l2275 0469                             l2267 044C  
                           l2259 043A                             l2291 0FA8                             l2451 06B0  
                           l2443 069A                             l2435 0680                             l2427 0636  
                           l2419 05EB                             l1571 04C7                             l1563 04AA  
                           l1555 0486                             l1715 0781                             l1643 06FC  
                           l1627 06EC                             l1619 06D2                             l2339 0F12  
                           l1723 0E9B                             l2523 0172                             l2515 014C  
                           l2507 00D2                             l2371 021A                             l2363 0207  
                           l2355 01E3                             l2603 03EE                             l2611 03FA  
                           l2531 0329                             l1549 0EDE                             l2285 0481  
                           l2277 046A                             l2269 044E                             l2293 0FAE  
                           l2453 06BE                             l2445 069D                             l2437 0689  
                           l2429 0651                             l1573 04CC                             l1565 04B1  
                           l1557 048E                             l1581 0DDD                             l1653 071B  
                           l1645 0702                             l1637 06F8                             l1821 0F70  
                           l1725 0EA8                             l2517 0150                             l2509 00DD  
                           l2461 0036                             l2373 0226                             l2365 020D  
                           l2381 023D                             l2357 01EC                             l2349 01CF  
                           l2541 034C                             l2533 032E                             l2525 0315  
                           l1591 0E53                             l1911 078F                             l1903 0783  
                           l2279 0471                             l2295 0FB3                             l2455 06C3  
                           l2447 069E                             l2439 0690                             l1575 04DC  
                           l1567 04B4                             l1559 0495                             l1583 0DDE  
                           l1671 0731                             l1663 0727                             l1647 0715  
                           l1831 0F94                             l1823 0F77                             l1815 0F65  
                           l1727 0EAF                             l1719 0E95                             l2519 0150  
                           l2471 0054                             l2463 003A                             l2391 0251  
                           l2383 0243                             l2375 0228                             l2367 0212  
                           l2359 01F6                             l2551 0366                             l2543 0351  
                           l2535 0330                             l2527 031A                             l1593 0E61  
                           l1913 079D                             l2297 0FB5                             l2289 0FA7  
                           l2449 06A7                             l1577 04E3                             l1569 04BB  
                           l1585 0DDF                             l1673 0744                             l1833 0F95  
                           l1825 0F79                             l1817 0F67                             l1729 0EB5  
                           l2481 0079                             l2473 005D                             l2465 0042  
                           l2385 0248                             l2393 0254                             l2377 022E  
                           l2369 0214                             l2553 036C                             l2537 0335  
                           l2545 0356                             l2529 0323                             l1595 0E63  
                           l1587 0E16                             l1931 07D7                             l1915 07A1  
                           l2299 0FB9                             l1579 0DDA                             l1659 0721  
                           l1835 0F9C                             l1827 0F7D                             l1819 0F6D  
                           l2491 00A3                             l2483 007B                             l2475 0066  
                           l2467 0043                             l2459 0030                             l2395 025A  
                           l2387 024B                             l2379 023A                             l2571 038F  
                           l2547 035C                             l2539 033E                             l2563 037A  
                           l1589 0E4B                             l1933 07DD                             l1925 07BC  
                           l1917 07A7                             l1909 0786                             l1597 0E02  
                           l1685 0750                             l1669 072B                             l1829 0F8E  
                           l1837 0FA2                             l2493 00A9                             l2485 0081  
                           l2477 006E                             l2469 004B                             l2397 025F  
                           l2389 0250                             l2573 0395                             l2565 0380  
                           l2581 03A7                             l2557 0371                             l2549 0360  
                           l1935 0E70                             l1927 07C5                             l1919 07B9  
                           l1599 0E09                             l1871 04FC                             l1863 04E9  
                           l1695 075A                             l1679 074A                             l2495 00B2  
                           l2479 0074                             l2487 0099                             l2399 0262  
                           l2591 03C2                             l2583 03AD                             l2575 039B  
                           l2567 0386                             l2559 0377                             l1929 07D3  
                           l1865 04F3                             l1697 0760                             l1689 0756  
                           l1873 0E29                             l2497 00B6                             l2489 009F  
                           l2593 03C7                             l2585 03B3                             l2577 039E  
                           l2569 0389                             l1867 04F8                             l1699 0773  
                           l1883 0E36                             l1875 0E2F                             l2499 00BB  
                           l2595 03CD                             l2587 03B8                             l2579 03A4  
                           l1869 04FB                             l1885 0E3B                             l1877 0E34  
                           l2597 03D6                             l2589 03BD                             l1887 0E40  
                           l1895 0E42                             l2599 03DC                             l1897 0E47  
                           l1899 0E49                             ?_isr 0070                             STR_1 0572  
                           STR_2 057F                             STR_3 0547                             STR_4 05BE  
                           STR_5 05B5                             STR_6 0564                             STR_7 05C7  
                           STR_8 0506                             STR_9 05DF                             u1100 06E6  
                           u1101 06E5                             u1110 06EC                             u1111 06EB  
                           u1200 0750                             u1120 06F2                             u1201 074F  
                           u1121 06F1                             u1050 0EC2                             u1210 076D  
                           u1130 070F                             u1051 0EBE                             u1211 076C  
                           u1131 070E                             u1220 0773                             u1140 0715  
                           u1221 0772                             u1141 0714                             u1230 0779  
                           u1150 071B                             u1231 0778                             u1215 0769  
                           u1151 071A                             u1135 070B                             u1064 0EC5  
                           u1080 0E6F                             u1240 077F                             u1160 0721  
                           u1081 0E6E                             u1241 077E                             u1161 0720  
                           u2210 0452                             u1170 073E                             u1090 06E0  
                           u1250 0E9B                             u1075 0ED5                             u2211 0451  
                           u1171 073D                             u1091 06DF                             u1251 0E9A  
                           u1180 0744                             u1500 0F7D                             u2205 0446  
                           u1181 0743                             u1501 0F7C                             u2230 0463  
                           u2310 0FD4                             u1190 074A                             u2150 07F3  
                           u2231 0462                             u2311 0FD3                             u1191 0749  
                           u1175 073A                             u2151 07F2                             u2320 0FDE  
                           u1520 0F8E                             u1280 0EB5                             u2160 07FE  
                           u2225 0453                             u2321 0FDD                             u2305 0FC8  
                           u1521 0F8D                             u1281 0EB4                             u1265 0EA2  
                           u2161 07FD                             u2250 0477                             u2170 0428  
                           u1610 0E34                             u2410 0F25                             u2251 0476  
                           u2235 045F                             u2171 0427                             u1611 0E33  
                           u1515 0F7E                             u2411 0F24                             u1275 0EA9  
                           u2260 047C                             u2180 0433                             u2340 0FF1  
                           u1620 0E3B                             u1540 0FA2                             u2500 0250  
                           u2420 01D5                             u2261 047B                             u2245 046B  
                           u2181 0432                             u2341 0FF0                             u2325 0FDA  
                           u1621 0E3A                             u1541 0FA1                             u1525 0F8A  
                           u2405 0F19                             u2501 024F                             u2421 01D4  
                           u2190 0442                             u2350 0FF6                             u2270 0FAE  
                           u1630 0E40                             u2510 025A                             u2430 0207  
                           u2191 0441                             u2351 0FF5                             u2335 0FE5  
                           u2271 0FAD                             u1631 0E3F                             u1535 0F96  
                           u2511 0259                             u2431 0206                             u2280 0FB9  
                           u1640 0E47                             u1480 0F6D                             u2360 0EF8  
                           u2600 0042                             u2520 026D                             u2440 020D  
                           u2281 0FB8                             u1641 0E46                             u1481 0F6C  
                           u2361 0EF7                             u2601 0041                             u2521 026C  
                           u2441 020C                             u1650 07A7                             u2290 0FC4  
                           u2610 0049                             u2530 0274                             u2450 0212  
                           u1651 07A6                             u2291 0FC3                             u2611 0047  
                           u2531 0272                             u2451 0211                             u1660 07DD  
                           u2380 0F08                             u2700 0146                             u2620 004A  
                           u2540 0275                             u2460 021A                             u1661 07DC  
                           u2381 0F07                             u2701 0145                             u2461 0219  
                           u2390 0F12                             u2710 0155                             u2630 006E  
                           u2550 027B                             u2470 022E                             u1495 0F71  
                           u2391 0F11                             u2375 0EFC                             u2711 0154  
                           u2631 006D                             u2551 027A                             u2471 022D  
                           u2640 0074                             u2560 0280                             u2480 0243  
                           u2800 039B                             u2720 0329                             u2641 0073  
                           u2561 027F                             u2481 0242                             u2801 039A  
                           u2721 0328                             u2570 0690                             u2650 0079  
                           u2490 0248                             u2810 03A4                             u2730 032E  
                           u2571 068F                             u2395 0F0E                             u2651 0078  
                           u2491 0247                             u2811 03A3                             u2731 032D  
                           u2580 0695                             u2660 0081                             u2820 03AD  
                           u2740 035C                             u2581 0694                             u2661 0080  
                           u2821 03AC                             u2741 035B                             u2670 009F  
                           u2590 0036                             u2830 03B3                             u2750 036C  
                           u2671 009E                             u2591 0035                             u2831 03B2  
                           u2751 036B                             u2680 00A9                             u2760 0377  
                           u2681 00A8                             u2761 0376                             u2690 00B2  
                           u2770 0380                             u2907 04D7                             u2691 00B1  
                           u2771 037F                             _PEIE 005E                             u2780 0386  
                           u2917 04E5                             u2781 0385                             u2790 038F  
                           u2927 06B8                             u2791 038E                             u2847 0346  
                           u2937 0E0D                             u2857 048A                             u2947 0797  
                           u2867 0499                             u2957 07CD                             u2877 04A7  
                           u2967 07E5                             u2887 04BD                             u2977 0ECB  
                           u2897 04C9                             u2987 0EE0                             u2997 0EEA  
                 ?_display_modes 0070                             _main 0315                             _temp 0034  
                           btemp 007E                             start 000C                ___bmul@multiplier 0074  
           ??_init_matrix_keypad 0072                   clcd_write@byte 0075                   clcd_write@mode 0072  
                          ??_isr 0070             _display_power_screen 0783                            ?_main 0070  
                 ??_display_time 002A                  __end_of___awdiv 0486                            STR_10 0517  
                          STR_11 05AC                            STR_20 058B                            STR_12 0538  
                          STR_13 05D0                            STR_21 05A2                            STR_14 05D8  
                          STR_15 0597                            STR_16 0528                            STR_17 0556  
                          STR_18 05E5                            STR_19 0517                  __end_of___awmod 1000  
                ___awdiv@divisor 0072                  __end_of___lwdiv 0FA7                            i1l303 0F48  
                          i1l304 0F56                            i1l307 0F5E                  __end_of___lwmod 0F2A  
                   ?_init_config 0070                  ___awdiv@counter 0020                            _PORTD 0008  
                          _TRISB 0086                            _TRISD 0088                     ?_init_timer2 0070  
           __end_of_clear_screen 0E13                            _nRBPU 040F               _read_matrix_keypad 0E28  
                          btemp0 007E                            btemp1 007F                            pclath 000A  
            ?_read_matrix_keypad 0070                            status 0003                            wtemp0 007E  
                   ?_scan_keypad 0070                  __initialization 000F                     __end_of_main 0421  
          ?_display_power_screen 0070             ??_read_matrix_keypad 0074                           ??_main 002F  
                ??_display_modes 0078                 ___awdiv@dividend 0074                           i1l2211 0F2A  
                         i1l2221 0F4D                           i1l2213 0F30                           i1l2223 0F52  
                         i1l2215 0F3F                           i1l2225 0F54                           i1l2217 0F41  
                         i1l2227 0F5B                           i1l2219 0F46                           i1l2229 0F5D  
                         u210_20 0F3F                           u210_21 0F3E                           u211_20 0F46  
                         u211_21 0F45                           u212_20 0F4D                           u212_21 0F4C  
                         u213_20 0F52                           u213_21 0F51                           u214_20 0F5B  
                         u214_21 0F5A                           u209_20 0F30                           u209_21 0F2F  
                         _TMR2IE 0461                           _TMR2IF 0061                           _TMR2ON 0092  
                         _TRISC2 043A                           _TRISE1 0449                           _TRISE2 044A  
                         ___bmul 07ED          _init_display_controller 0486                           ___wmul 0E95  
                      ??___awdiv 0076                        ??___awmod 0076                        ??___lwdiv 0076  
                      ??___lwmod 0079                 ___awdiv@quotient 0022                  ___awmod@divisor 0024  
                ___awmod@counter 0076                     __pdataCOMMON 007B                 __end_of_set_temp 01CC  
               __end_of_set_time 0315                           ltemp0a 0080                           saved_w 007E  
                         ttemp0a 007F                           wtemp0a 007F          __end_of__initialization 0029  
           __end_of_display_time 06C8              ___bmul@multiplicand 0072                   __pcstackCOMMON 0070  
                   __pidataBANK0 04FF           ??_display_power_screen 002A        display_power_screen@i_156 002E  
                     __pbssBANK0 0034        ??_init_display_controller 0076                       _clcd_print 0E4B  
                     _clcd_putch 0E13                       _clcd_write 0EBA                       __pmaintext 0315  
                   _clear_screen 0E02                          ?___bmul 0072                          ?___wmul 0072  
                     __pintentry 0004                          _T2CKPS0 0090                          _T2CKPS1 0091  
                     __stringtab 0500                __end_of_heat_food 0DDA                        ?_set_temp 002A  
                      ?_set_time 002A                          ___awdiv 0421                          ___awmod 0FA7  
                        ___lwdiv 0F65                          ___lwmod 0EF0                          __ptext1 01CC  
                        __ptext2 07ED                          __ptext3 002D                          __ptext4 0E95  
                        __ptext5 0EF0                          __ptext6 0F65                          __ptext7 0E28  
                        __ptext8 06C8                          __ptext9 04E9  __end_of_init_display_controller 04E9  
              __end_of_init_clcd 0DE5                 ___awmod@dividend 0026                   main@reset_flag 0032  
                        main@key 0033             end_of_initialization 0029                      set_temp@key 002D  
                    set_time@key 002D                      ?_clcd_print 0076                      ?_clcd_putch 0028  
                    ?_clcd_write 0072            set_temp@display_blank 0036                       ??_set_temp 002B  
                     ??_set_time 002B            display_power_screen@i 002D                     _display_time 05EB  
                  clcd_print@str 0076            __end_of_display_modes 0E95               set_temp@reset_flag 002A  
                 __end_of___bmul 0800                   __end_of___wmul 0EBA                    __pidataCOMMON 04FE  
            start_initialization 000F                     scan_keypad@i 0072           read_matrix_keypad@mode 0074  
         read_matrix_keypad@once 007B                      __end_of_isr 0F65                         ??___bmul 0073  
                       ??___wmul 0076                      __pdataBANK0 0040                    ??_init_config 0078  
                  ??_init_timer2 0072                      __pbssCOMMON 0079                        ___latbits 0002  
                  __pcstackBANK0 0020                    ??_scan_keypad 0072                 ___lwdiv@dividend 0074  
                       ?___awdiv 0072                         ?___awmod 0024                        _heat_food 0DD0  
                       ?___lwdiv 0072                         ?___lwmod 0020                        __pstrings 0500  
             set_time@reset_flag 002A                 ___lwdiv@quotient 0076                        _init_clcd 0DDA  
            __end_of_init_config 04FE              __end_of_init_timer2 0DF2         ?_init_display_controller 0070  
              interrupt_function 0004                   ___wmul@product 0076                     ??_clcd_print 0078  
                   ??_clcd_putch 0079       __end_of_init_matrix_keypad 0E02                     ??_clcd_write 0073  
              set_temp@key_count 0038              __end_of_scan_keypad 0783                       ?_heat_food 0070  
                    __stringbase 0505                ___wmul@multiplier 0072               __end_of_clcd_print 0E70  
             __end_of_clcd_putch 0E28               __end_of_clcd_write 0EF0                       ?_init_clcd 0070  
          read_matrix_keypad@key 0075                set_time@blink_pos 003C                    set_temp@delay 0037  
                  set_time@delay 003A       __end_of_read_matrix_keypad 0E4B            set_time@display_blank 0039  
             __end_of__stringtab 0506                set_time@key_count 003B                      _init_config 04E9  
                    _init_timer2 0DE5                  ___lwdiv@divisor 0072                  ___lwdiv@counter 0078  
                       __ptext10 0DE5                         __ptext11 0DF2                         __ptext20 0E13  
                       __ptext12 0DDA                         __ptext21 0E70                         __ptext13 0486  
                       __ptext22 0E4B                         __ptext14 0DD0                         __ptext23 0EBA  
                       __ptext15 05EB                         __ptext24 0F2A                         __ptext16 0E02  
                       __ptext17 0FA7                         __ptext18 0421                         __ptext19 0783  
                    _scan_keypad 06C8                         _pre_heat 003D                    ?_clear_screen 0070  
                       _set_temp 002D                         _set_time 01CC                      ??_heat_food 0072  
                       isr@count 0079                      ??_init_clcd 0078                         intlevel1 0000  
   __end_of_display_power_screen 07ED                      _screen_flag 0040                 ___lwmod@dividend 0022  
                      stringcode 0500                   ??_clear_screen 0076                  ___lwmod@divisor 0020  
                ___lwmod@counter 0024                         stringdir 0500                         stringtab 0500  
                  _display_modes 0E70  
